"Date","Genmab","Lundbeck","USD","SP500"
2010-01-04,92,95.05,5.17,1132.99
2010-01-05,89.6,96.5,5.15,1136.52
2010-01-06,88.75,96.55,5.19,1137.14
2010-01-07,88,98.5,5.2,1141.69
2010-01-08,89,99,5.21,1144.98
2010-01-11,89.9,104,5.12,1146.98
2010-01-12,89.6,103.2,5.14,1136.22
2010-01-13,89.4,100,5.11,1145.68
2010-01-14,91.25,102,5.14,1148.46
2010-01-15,97.5,102,5.18,1136.03
2010-01-18,104,103,5.18,1143.13
2010-01-19,99.75,102,5.21,1150.23
2010-01-20,99.05,103.3,5.27,1138.04
2010-01-21,96,100,5.29,1116.48
2010-01-22,99,99.9,5.27,1091.76
2010-01-25,102.5,100.8,5.26,1096.78
2010-01-26,100.6,102,5.29,1092.17
2010-01-27,99,102.3,5.29,1097.5
2010-01-28,98,101.9,5.32,1084.53
2010-01-29,97.95,100.5,5.33,1073.87
2010-02-01,96.5,100.9,5.35,1089.19
2010-02-02,95,101.2,5.34,1103.32
2010-02-03,99,101,5.32,1097.28
2010-02-04,98.65,100.2,5.38,1063.11
2010-02-05,97.5,97.25,5.44,1066.19
2010-02-08,93.85,96.8,5.44,1056.74
2010-02-09,93.95,97.4,5.41,1070.52
2010-02-10,92.75,96.05,5.42,1068.13
2010-02-11,91.45,96.4,5.43,1078.47
2010-02-12,90.75,97,5.49,1075.51
2010-02-15,91,96.25,5.47,1085.19
2010-02-16,92.45,98.2,5.45,1094.87
2010-02-17,95.35,98,5.42,1099.51
2010-02-18,95.9,98.25,5.49,1106.75
2010-02-19,94.65,99,5.51,1109.17
2010-02-22,93.5,99,5.46,1108.01
2010-02-23,90.65,98.75,5.48,1094.6
2010-02-24,91.3,98.8,5.49,1105.24
2010-02-25,90.05,96.8,5.52,1102.94
2010-02-26,91.75,96.5,5.48,1104.49
2010-03-01,91.7,95,5.5,1115.71
2010-03-02,92.2,96.1,5.49,1118.31
2010-03-03,90.55,96,5.46,1118.79
2010-03-04,90.85,97.85,5.45,1122.97
2010-03-05,92.35,97.45,5.48,1138.7
2010-03-08,73.5,98.05,5.45,1138.5
2010-03-09,71.5,96.8,5.49,1140.45
2010-03-10,72.05,96.85,5.47,1145.61
2010-03-11,72.2,98.75,5.45,1150.24
2010-03-12,71.85,99,5.41,1149.99
2010-03-15,72.2,99.5,5.43,1150.51
2010-03-16,71.85,99.55,5.42,1159.46
2010-03-17,71.5,100.4,5.41,1166.21
2010-03-18,71.2,99.55,5.45,1165.83
2010-03-19,71.75,100,5.49,1159.9
2010-03-22,71.75,99.65,5.52,1165.81
2010-03-23,72,102.5,5.5,1174.17
2010-03-24,72.55,103.1,5.58,1167.72
2010-03-25,71.9,102.8,5.57,1165.73
2010-03-26,71.15,102.8,5.57,1166.59
2010-03-29,70.15,103.8,5.52,1173.22
2010-03-30,68.5,104.2,5.52,1173.27
2010-03-31,69.35,103.9,5.52,1169.43
2010-04-06,70.25,103.1,5.56,1189.44
2010-04-07,70.5,103.5,5.58,1182.45
2010-04-08,69.05,102.8,5.6,1186.44
2010-04-09,68.8,102.6,5.56,1194.37
2010-04-12,68.5,103.2,5.48,1196.48
2010-04-13,67.8,102.8,5.48,1197.3
2010-04-14,67.65,102.5,5.47,1210.65
2010-04-15,65.9,103,5.5,1211.67
2010-04-16,67.35,101.2,5.5,1192.13
2010-04-19,66.8,99.85,5.54,1197.52
2010-04-20,69,100,5.52,1207.17
2010-04-22,67.75,96.6,5.58,1208.67
2010-04-23,66.9,97.5,5.59,1217.28
2010-04-26,66.75,96.9,5.59,1212.05
2010-04-27,65.75,95.3,5.6,1183.71
2010-04-28,63,94.3,5.62,1191.36
2010-04-29,61.7,92.1,5.61,1206.78
2010-05-03,61.35,93.5,5.62,1202.26
2010-05-04,58.7,94.7,5.69,1173.6
2010-05-05,57,94.15,5.76,1165.87
2010-05-06,52.45,92.4,5.85,1128.15
2010-05-07,46.5,88.4,5.84,1110.88
2010-05-10,54.45,92.2,5.74,1159.73
2010-05-11,52.45,91.5,5.86,1155.79
2010-05-12,50.05,93.5,5.87,1171.67
2010-05-14,50.05,93.5,5.95,1135.68
2010-05-17,47.23,90.75,6.03,1136.94
2010-05-18,50.5,90.8,5.99,1120.8
2010-05-19,50,88.65,6.06,1115.05
2010-05-20,48.3,87.6,6.03,1071.59
2010-05-21,47.47,86.7,5.96,1087.69
2010-05-25,45.39,84.75,6.09,1074.03
2010-05-26,46.91,85.5,6.04,1067.95
2010-05-27,47.5,87.95,6.07,1103.06
2010-05-28,48.07,88.95,6.01,1089.41
2010-05-31,47.93,89.85,6.04,1080.06
2010-06-01,47.39,87.5,6.12,1070.71
2010-06-02,46.74,88.05,6.09,1098.38
2010-06-03,47.89,89.5,6.07,1102.83
2010-06-04,47.19,89.5,6.17,1064.88
2010-06-07,46.63,88.55,6.22,1050.47
2010-06-08,45.49,86.1,6.23,1062
2010-06-09,43.93,87,6.19,1055.69
2010-06-10,43.26,88.15,6.18,1086.84
2010-06-11,43.71,87.8,6.13,1091.6
2010-06-14,58.15,88.3,6.07,1089.63
2010-06-15,57.4,88.25,6.07,1115.23
2010-06-16,53.85,88.5,6.06,1114.61
2010-06-17,51.3,89.5,6.02,1116.04
2010-06-18,61,88.4,6.01,1117.51
2010-06-21,58.9,88.4,6,1113.2
2010-06-22,58.25,87.95,6.07,1095.31
2010-06-23,58,87.5,6.07,1092.04
2010-06-24,54.6,86.95,6.07,1073.69
2010-06-25,51.65,86.3,6.05,1076.76
2010-06-28,49.87,85.65,6.03,1074.57
2010-06-29,45.88,83.1,6.11,1041.24
2010-06-30,43.45,83.3,6.07,1030.71
2010-07-01,40.91,82.8,6.04,1027.37
2010-07-02,59.65,83.85,5.94,1022.58
2010-07-05,59.6,83.5,5.95,1025.32
2010-07-06,59.9,85.3,5.93,1028.06
2010-07-07,62.4,86.35,5.93,1060.27
2010-07-08,64.6,86.25,5.89,1070.25
2010-07-09,63.7,86.1,5.9,1077.96
2010-07-12,61.25,87.05,5.93,1078.75
2010-07-13,61.95,87,5.93,1095.34
2010-07-14,61.15,87.05,5.86,1095.17
2010-07-15,60.6,88,5.81,1096.48
2010-07-16,59.15,87.05,5.73,1064.88
2010-07-19,57.8,87,5.75,1071.25
2010-07-20,60.1,85.55,5.8,1083.48
2010-07-21,59.5,85.95,5.81,1069.59
2010-07-22,60.35,86.9,5.8,1093.67
2010-07-23,59,85.6,5.78,1102.66
2010-07-26,60,85.25,5.76,1115.01
2010-07-27,59.55,86.45,5.72,1113.84
2010-07-28,60,87.1,5.74,1106.13
2010-07-29,60.3,86.75,5.7,1101.53
2010-07-30,61,87,5.72,1101.6
2010-08-02,62.45,86.65,5.7,1125.86
2010-08-03,62.1,88.7,5.64,1120.46
2010-08-04,62.6,90.05,5.64,1127.24
2010-08-05,62.65,89.9,5.65,1125.81
2010-08-06,62,89.45,5.66,1121.64
2010-08-09,63.05,90.8,5.62,1127.79
2010-08-10,65.95,89.35,5.67,1121.06
2010-08-11,65,89.3,5.72,1089.47
2010-08-12,65.5,89.15,5.83,1083.61
2010-08-13,65.5,89,5.82,1079.25
2010-08-16,67.2,89.25,5.81,1079.38
2010-08-17,67.15,89.65,5.79,1092.54
2010-08-18,61.3,90.15,5.78,1094.16
2010-08-19,60,91.1,5.8,1075.63
2010-08-20,57.45,90.1,5.86,1071.69
2010-08-23,56.6,90.55,5.86,1067.36
2010-08-24,54,89,5.91,1051.87
2010-08-25,51.3,89.05,5.9,1055.33
2010-08-26,53.7,88.4,5.87,1047.22
2010-08-27,57,88.4,5.86,1064.59
2010-08-30,56.5,88.55,5.86,1048.92
2010-08-31,55.65,89.25,5.87,1049.33
2010-09-01,59,89.85,5.82,1080.29
2010-09-02,56.85,89.5,5.81,1090.1
2010-09-03,57,90.6,5.8,1104.51
2010-09-06,57,91.35,5.78,1098.175
2010-09-07,57.3,90.85,5.84,1091.84
2010-09-08,58.25,92.25,5.86,1098.87
2010-09-09,61,94.65,5.86,1104.18
2010-09-10,62.3,95,5.85,1109.55
2010-09-13,65.25,95.15,5.82,1121.9
2010-09-14,63.2,95,5.79,1121.1
2010-09-15,62.5,94.75,5.73,1125.07
2010-09-16,60.05,94.8,5.69,1124.66
2010-09-17,60.75,94.4,5.7,1125.59
2010-09-20,61.45,95,5.7,1142.71
2010-09-21,63.5,95.25,5.68,1139.78
2010-09-22,63,95.8,5.57,1134.28
2010-09-23,62,96.35,5.59,1124.83
2010-09-24,61.8,96.8,5.56,1148.67
2010-09-27,62.6,96.2,5.53,1142.16
2010-09-28,62.15,96.85,5.54,1147.7
2010-09-29,61.75,97.65,5.47,1144.73
2010-09-30,61.6,96.55,5.46,1141.2
2010-10-01,60.95,95.7,5.43,1146.24
2010-10-04,60.55,96.2,5.44,1137.03
2010-10-05,61.3,96.7,5.41,1160.75
2010-10-06,60.85,97,5.38,1159.97
2010-10-07,61.95,98,5.34,1158.06
2010-10-08,61.45,98.9,5.37,1165.15
2010-10-11,61.8,99.6,5.35,1165.32
2010-10-12,62.75,100.1,5.39,1169.77
2010-10-13,67,103.7,5.34,1178.1
2010-10-14,67.5,104.7,5.29,1173.81
2010-10-15,71.45,105.4,5.29,1176.19
2010-10-18,73.5,104.2,5.37,1184.71
2010-10-19,71.15,107.2,5.38,1165.9
2010-10-20,70.7,107.5,5.38,1178.17
2010-10-21,68.8,107.3,5.32,1180.26
2010-10-22,69,106.5,5.35,1183.08
2010-10-25,71,107,5.32,1185.62
2010-10-26,70.85,107.1,5.36,1185.64
2010-10-27,70.65,106.9,5.4,1182.45
2010-10-28,70.9,106.9,5.38,1183.78
2010-10-29,71.1,107,5.38,1183.26
2010-11-01,70.5,108.5,5.35,1184.38
2010-11-02,70.1,107.8,5.32,1193.57
2010-11-03,68.2,103.3,5.32,1197.96
2010-11-04,67.2,102.1,5.23,1221.06
2010-11-05,67,103.6,5.29,1225.85
2010-11-08,66.5,103.9,5.36,1223.25
2010-11-09,68.2,104.8,5.35,1213.4
2010-11-10,66.8,105.9,5.41,1218.71
2010-11-11,65.65,105.3,5.44,1213.54
2010-11-12,66.3,105.5,5.44,1199.21
2010-11-15,66.75,106.2,5.47,1197.75
2010-11-16,67.1,105.5,5.48,1178.34
2010-11-17,67.5,106,5.53,1178.59
2010-11-18,68.5,108,5.46,1196.69
2010-11-19,67.45,108.3,5.45,1199.73
2010-11-22,68.2,107.8,5.46,1197.84
2010-11-23,67.25,106.7,5.52,1180.73
2010-11-24,68.15,106.2,5.59,1198.35
2010-11-25,68,107.9,5.6,1193.875
2010-11-26,67,106.4,5.64,1189.4
2010-11-29,65.55,101.4,5.67,1187.76
2010-11-30,64.7,99.45,5.73,1180.55
2010-12-01,64.95,101.7,5.68,1206.07
2010-12-02,66.45,104,5.66,1221.53
2010-12-03,66.6,102.1,5.63,1224.71
2010-12-06,66.2,102.8,5.61,1223.12
2010-12-07,65.35,101.9,5.58,1223.75
2010-12-08,67.05,104.8,5.65,1228.28
2010-12-09,66.6,104.4,5.64,1233
2010-12-10,66.4,104.7,5.63,1240.4
2010-12-13,66.35,104.5,5.62,1240.46
2010-12-14,66.3,104.3,5.55,1241.59
2010-12-15,65.8,104.2,5.58,1235.23
2010-12-16,65.5,104.1,5.63,1242.87
2010-12-17,65.85,104.8,5.62,1243.91
2010-12-20,67.95,104.9,5.67,1247.08
2010-12-21,67.35,103.7,5.66,1254.6
2010-12-22,65.7,103,5.68,1258.84
2010-12-23,66.5,103.4,5.7,1256.77
2010-12-27,66.1,104.4,5.67,1257.54
2010-12-28,65.65,106.5,5.65,1258.51
2010-12-29,65.25,107.5,5.67,1259.78
2010-12-30,65.5,106,5.61,1257.88
2011-01-03,65.45,112.9,5.58,1271.87
2011-01-04,66,110.5,5.55,1270.2
2011-01-05,65.75,111.5,5.64,1276.56
2011-01-06,65.5,113.9,5.69,1273.85
2011-01-07,65.15,113.3,5.75,1271.5
2011-01-10,64.95,111.5,5.77,1269.75
2011-01-11,65.6,112.8,5.75,1274.48
2011-01-12,65.15,114,5.74,1285.96
2011-01-13,65.5,112.9,5.64,1283.76
2011-01-14,63.6,113.2,5.58,1293.24
2011-01-17,63.6,114.5,5.6,1294.13
2011-01-18,63.8,116.5,5.57,1295.02
2011-01-19,64.6,113.5,5.52,1281.92
2011-01-20,63.95,113.4,5.53,1280.26
2011-01-21,63.2,112,5.51,1283.35
2011-01-24,62.2,112.5,5.49,1290.84
2011-01-25,63.15,111.5,5.48,1291.18
2011-01-26,63.95,113.2,5.45,1296.63
2011-01-27,63.95,112.7,5.43,1299.54
2011-01-28,63.5,113,5.44,1276.34
2011-01-31,63.2,113,5.44,1286.12
2011-02-01,62.55,112.8,5.42,1307.59
2011-02-02,62.4,112.8,5.4,1304.03
2011-02-03,62.5,111.6,5.42,1307.1
2011-02-04,62.25,112.2,5.47,1310.87
2011-02-07,62.3,112.5,5.5,1319.05
2011-02-08,62.05,116,5.47,1324.57
2011-02-09,61,117.8,5.46,1320.88
2011-02-10,58.6,114.5,5.48,1321.87
2011-02-11,58.4,114.3,5.51,1329.15
2011-02-14,58.3,115.7,5.55,1332.32
2011-02-15,57.1,115.5,5.52,1328.01
2011-02-16,56.65,117.7,5.52,1336.32
2011-02-17,56,116,5.5,1340.43
2011-02-18,57.1,116.7,5.47,1343.01
2011-02-21,56,117.5,5.45,1329.225
2011-02-22,57.2,117,5.46,1315.44
2011-02-23,57,117.1,5.43,1307.4
2011-02-24,56.25,115.7,5.41,1306.1
2011-02-25,56.2,121.5,5.42,1319.88
2011-02-28,57.1,123.5,5.39,1327.22
2011-03-01,51,123,5.39,1306.33
2011-03-02,49.89,124.2,5.4,1308.44
2011-03-03,48.5,125,5.38,1330.97
2011-03-04,49.6,125.6,5.34,1321.15
2011-03-07,52.05,124.8,5.32,1310.13
2011-03-08,52.65,125.3,5.37,1321.82
2011-03-09,53.7,127.4,5.35,1320.02
2011-03-10,52.7,125.5,5.4,1295.11
2011-03-11,52,124.3,5.42,1304.28
2011-03-14,50.3,122.2,5.35,1296.39
2011-03-15,48.63,119.1,5.37,1281.87
2011-03-16,49.87,116.5,5.35,1256.88
2011-03-17,49.02,118.5,5.33,1273.72
2011-03-18,50.3,120.6,5.28,1279.21
2011-03-21,50.05,121.9,5.25,1298.38
2011-03-22,49.58,122.3,5.25,1293.77
2011-03-23,50.45,121.2,5.28,1297.54
2011-03-24,49.12,122.2,5.28,1309.66
2011-03-25,50.1,120.9,5.28,1313.8
2011-03-28,53.5,120,5.31,1310.19
2011-03-29,58.5,121.9,5.3,1319.44
2011-03-30,57,124.1,5.29,1328.26
2011-03-31,56,122,5.25,1325.83
2011-04-01,55.1,121.2,5.27,1332.41
2011-04-04,56,122.5,5.24,1332.87
2011-04-05,56.3,121,5.26,1332.63
2011-04-06,55.85,119.7,5.21,1335.54
2011-04-07,55.5,121.3,5.22,1333.51
2011-04-08,56.5,122.5,5.18,1328.17
2011-04-11,58,121.8,5.17,1324.46
2011-04-12,55.85,123.2,5.15,1314.16
2011-04-13,55.5,125.3,5.15,1314.41
2011-04-14,55.05,124.7,5.18,1314.52
2011-04-15,54.6,125.6,5.16,1319.68
2011-04-18,54.75,126.5,5.22,1305.14
2011-04-19,54.6,125.2,5.21,1312.62
2011-04-20,54.6,126.4,5.14,1330.36
2011-04-26,54.1,126.2,5.1,1347.24
2011-04-27,54.15,126.5,5.08,1355.66
2011-04-28,54.4,123,5.04,1360.48
2011-04-29,54.4,120.9,5.02,1363.61
2011-05-02,54.85,124.8,5.03,1361.22
2011-05-03,55.05,126.4,5.05,1356.62
2011-05-04,55.1,126,5.01,1347.32
2011-05-05,54.9,126.5,5.03,1335.1
2011-05-06,55,128.2,5.14,1340.2
2011-05-09,54.2,129.1,5.18,1346.29
2011-05-10,54.1,129.3,5.19,1357.16
2011-05-11,54.05,130.6,5.19,1342.08
2011-05-12,53.05,133.9,5.27,1348.65
2011-05-13,53,135.6,5.22,1337.77
2011-05-16,53.6,132.4,5.27,1329.47
2011-05-17,53.35,131,5.26,1328.98
2011-05-18,52.9,131,5.24,1340.68
2011-05-19,52.55,130.7,5.23,1343.6
2011-05-23,51.25,132.2,5.32,1317.37
2011-05-24,50.15,131.8,5.29,1316.28
2011-05-25,49.7,133,5.3,1320.47
2011-05-26,48,133.9,5.26,1325.69
2011-05-27,48,134,5.23,1331.1
2011-05-30,47.85,131.8,5.22,1338.15
2011-05-31,47.7,133.2,5.18,1345.2
2011-06-01,47.4,133.9,5.17,1314.55
2011-06-06,46.6,133.1,5.11,1286.17
2011-06-07,47.6,133.3,5.09,1284.94
2011-06-08,45.9,133.1,5.1,1279.56
2011-06-09,46,131.9,5.1,1289
2011-06-10,43.91,130.5,5.15,1270.98
2011-06-14,44.1,130,5.16,1287.87
2011-06-15,44.2,127.8,5.22,1265.42
2011-06-16,42.6,128,5.29,1267.64
2011-06-17,41.91,129.4,5.23,1271.5
2011-06-20,41.53,128.3,5.24,1278.36
2011-06-21,40.81,130.1,5.19,1295.52
2011-06-22,40.41,130,5.18,1287.14
2011-06-23,38.25,127.6,5.25,1283.5
2011-06-24,34,127.5,5.25,1268.45
2011-06-27,36.07,128.3,5.25,1280.1
2011-06-28,40.5,127.8,5.23,1296.67
2011-06-29,40.28,130.9,5.17,1307.41
2011-06-30,40,135.3,5.16,1320.64
2011-07-01,40.49,135.7,5.15,1339.67
2011-07-04,42.95,135.8,5.14,1338.775
2011-07-05,43.8,135.7,5.16,1337.88
2011-07-06,41.84,139.6,5.21,1339.22
2011-07-07,41.48,139.7,5.24,1353.22
2011-07-08,41.05,137.4,5.24,1343.8
2011-07-11,40.1,135,5.31,1319.49
2011-07-12,39.59,134.1,5.34,1313.64
2011-07-13,40.22,133.3,5.3,1317.72
2011-07-14,39.8,134.6,5.25,1308.87
2011-07-15,40.87,135.6,5.27,1316.14
2011-07-18,40.14,133,5.31,1305.44
2011-07-19,41.32,136,5.27,1326.73
2011-07-20,43.27,136.9,5.25,1325.84
2011-07-21,43.31,135.8,5.24,1343.8
2011-07-22,43.3,135.7,5.18,1345.02
2011-07-25,42.1,136,5.18,1337.43
2011-07-26,42.5,136,5.15,1331.94
2011-07-27,40.62,135,5.16,1304.89
2011-07-28,40.5,132.2,5.22,1300.67
2011-07-29,40.22,130.1,5.22,1292.28
2011-08-01,40.11,131.1,5.17,1286.94
2011-08-02,40.01,130.2,5.26,1254.05
2011-08-03,39.7,131.5,5.21,1260.34
2011-08-04,39,131.2,5.23,1200.07
2011-08-05,36.94,128.1,5.26,1199.38
2011-08-08,35.23,119.5,5.24,1119.46
2011-08-09,45.75,116.7,5.22,1172.53
2011-08-10,41.8,118.5,5.19,1120.76
2011-08-11,41,121.5,5.27,1172.64
2011-08-12,42.44,122.1,5.23,1178.81
2011-08-15,42.24,128.2,5.21,1204.49
2011-08-16,42.65,124.2,5.19,1192.76
2011-08-17,42.51,126.1,5.15,1193.89
2011-08-18,39.51,119.7,5.19,1140.65
2011-08-19,38.06,120.4,5.18,1123.53
2011-08-22,37.61,119.9,5.17,1123.82
2011-08-23,38.18,119.2,5.15,1162.35
2011-08-24,38.19,119.6,5.16,1177.6
2011-08-25,37.84,116,5.16,1159.27
2011-08-26,36.8,115.5,5.17,1176.8
2011-08-29,38.2,116.5,5.14,1210.08
2011-08-30,36.51,113,5.17,1212.92
2011-08-31,37.16,114.8,5.16,1218.89
2011-09-01,37.8,115.9,5.22,1204.42
2011-09-02,36.18,112.7,5.23,1173.97
2011-09-05,35.87,108.3,5.27,1169.605
2011-09-06,35.8,106.6,5.28,1165.24
2011-09-07,35.42,112.1,5.31,1198.62
2011-09-08,35.52,112.1,5.3,1185.9
2011-09-09,35,109.6,5.39,1154.23
2011-09-12,34,103.1,5.45,1162.27
2011-09-13,34.5,104.6,5.46,1172.87
2011-09-14,34.95,104.6,5.42,1188.68
2011-09-15,36.6,108.9,5.4,1209.11
2011-09-16,36.79,108.5,5.41,1216.01
2011-09-19,35.79,106.1,5.46,1204.09
2011-09-20,34.95,105.9,5.43,1202.09
2011-09-21,34.38,103.4,5.46,1166.76
2011-09-22,33.01,99.75,5.54,1129.56
2011-09-23,31.62,101,5.54,1136.43
2011-09-26,31.48,104,5.51,1162.95
2011-09-27,31.91,104.5,5.48,1175.38
2011-09-28,32.2,104.9,5.46,1151.06
2011-09-29,32.99,107.9,5.47,1160.4
2011-09-30,32.41,106.4,5.51,1131.42
2011-10-03,31.85,104.2,5.58,1099.23
2011-10-04,30.8,101.4,5.65,1123.95
2011-10-05,30.5,103,5.58,1144.03
2011-10-06,31.1,105.3,5.61,1164.97
2011-10-07,30.96,105.5,5.54,1155.46
2011-10-10,31.4,107.8,5.48,1194.89
2011-10-11,31.65,106.4,5.47,1195.54
2011-10-12,31.96,106.7,5.41,1207.25
2011-10-13,32.1,107.3,5.42,1203.66
2011-10-14,31.75,109.1,5.39,1224.58
2011-10-17,31.66,108.8,5.4,1200.86
2011-10-18,31.7,107.8,5.44,1225.38
2011-10-19,31.75,106.8,5.38,1209.88
2011-10-20,31.58,105.9,5.39,1215.39
2011-10-21,32.95,107,5.4,1238.25
2011-10-24,32.2,106.6,5.37,1254.19
2011-10-25,32.1,107.5,5.35,1229.05
2011-10-26,32.1,108.1,5.35,1242
2011-10-27,32.52,110.9,5.3,1284.59
2011-10-28,31.75,113.5,5.26,1285.09
2011-10-31,31.5,109.2,5.32,1253.3
2011-11-01,31,106.7,5.46,1218.28
2011-11-02,31.3,104.5,5.39,1237.9
2011-11-03,29.8,105.6,5.4,1261.15
2011-11-04,29.8,104.9,5.4,1253.23
2011-11-07,29,104,5.42,1261.12
2011-11-08,28.7,105,5.4,1275.92
2011-11-09,28,107,5.46,1229.1
2011-11-10,27.37,105.9,5.47,1239.7
2011-11-11,27.55,115.7,5.45,1263.85
2011-11-14,28.02,115.3,5.45,1251.78
2011-11-15,26.89,114,5.5,1257.81
2011-11-16,25.7,114.1,5.52,1236.91
2011-11-17,26.18,112.4,5.52,1216.13
2011-11-18,25.55,111.9,5.48,1215.65
2011-11-21,25.25,109.1,5.53,1192.98
2011-11-22,24.69,109,5.5,1188.04
2011-11-23,23.88,107,5.56,1161.79
2011-11-24,23.92,105.6,5.56,1160.23
2011-11-25,23.91,106.3,5.62,1158.67
2011-11-28,24.5,108,5.57,1192.55
2011-11-29,25.85,107.2,5.58,1195.19
2011-11-30,27.3,106.9,5.54,1246.96
2011-12-01,26.15,106.5,5.51,1244.58
2011-12-02,26.84,106.1,5.5,1244.28
2011-12-05,27.25,106.9,5.53,1257.08
2011-12-06,26.8,107.4,5.55,1258.47
2011-12-07,27.25,107.3,5.56,1261.01
2011-12-08,26.75,107.7,5.54,1234.35
2011-12-09,27.3,106.5,5.56,1255.19
2011-12-12,27.2,106.4,5.61,1236.47
2011-12-13,27.14,106.6,5.64,1225.73
2011-12-14,25.85,104.5,5.72,1211.82
2011-12-15,26.7,105.3,5.71,1215.75
2011-12-16,26.56,103.5,5.69,1219.66
2011-12-19,28.2,103.4,5.7,1205.35
2011-12-20,33.85,105.3,5.69,1241.3
2011-12-21,36.22,105.5,5.69,1243.72
2011-12-22,36.2,106,5.7,1254
2011-12-23,36.5,109.1,5.69,1265.33
2011-12-27,36.97,109,5.69,1265.43
2011-12-28,37.4,109.4,5.69,1249.64
2011-12-29,37.02,110.6,5.77,1263.02
2011-12-30,37.6,108,5.75,1257.6
2012-01-02,37.79,110.6,5.75,1267.33
2012-01-03,38.9,111.6,5.71,1277.06
2012-01-04,37.22,109.5,5.74,1277.3
2012-01-05,37,109.9,5.79,1281.06
2012-01-06,36.28,109.5,5.82,1277.81
2012-01-09,34.8,111,5.84,1280.7
2012-01-10,34.94,111.8,5.81,1292.08
2012-01-11,34.84,111.5,5.85,1292.48
2012-01-12,35,110,5.84,1295.5
2012-01-13,39,110.1,5.82,1289.09
2012-01-16,37.76,111.2,5.87,1291.38
2012-01-17,39.6,111.8,5.81,1293.67
2012-01-18,40.8,111.1,5.8,1308.04
2012-01-19,43.49,110.8,5.76,1314.5
2012-01-20,49.38,110.5,5.76,1315.38
2012-01-23,47.31,109,5.71,1316
2012-01-24,45.11,109,5.72,1314.65
2012-01-25,46.57,108.6,5.74,1326.06
2012-01-26,47.34,109.5,5.66,1318.43
2012-01-27,45.57,110.8,5.66,1316.33
2012-01-30,44.2,110.2,5.67,1313.01
2012-01-31,44.65,112,5.64,1312.41
2012-02-01,45.8,113.4,5.64,1324.09
2012-02-02,44.99,112.2,5.68,1325.54
2012-02-03,45,113,5.65,1344.9
2012-02-06,46.09,113.6,5.7,1344.33
2012-02-07,44.32,114.8,5.67,1347.05
2012-02-08,43.01,112.9,5.6,1349.96
2012-02-09,41,112.6,5.59,1351.95
2012-02-10,42.98,113.4,5.64,1342.64
2012-02-13,43.06,114.9,5.61,1351.77
2012-02-14,42.7,114.9,5.64,1350.5
2012-02-15,43.87,115,5.68,1343.23
2012-02-16,43.03,115,5.73,1358.04
2012-02-17,44.04,113.5,5.65,1361.23
2012-02-20,43.25,114.2,5.6,1361.72
2012-02-21,42.7,114.5,5.62,1362.21
2012-02-22,42.35,114.5,5.62,1357.66
2012-02-23,42.29,113.6,5.59,1363.46
2012-02-24,42.5,116.4,5.54,1365.74
2012-02-27,42.61,116.7,5.55,1367.59
2012-02-28,42.7,118.8,5.53,1372.18
2012-02-29,43.1,118,5.53,1365.68
2012-03-01,42.85,116.4,5.58,1374.09
2012-03-02,41.79,117.9,5.62,1369.63
2012-03-05,41.8,117.1,5.62,1364.33
2012-03-06,39.21,114.2,5.65,1343.36
2012-03-07,39.1,114.4,5.67,1352.63
2012-03-08,38.9,115.9,5.61,1365.91
2012-03-09,39,118,5.64,1370.87
2012-03-12,38.88,117.7,5.67,1371.09
2012-03-13,39.04,118.2,5.69,1395.95
2012-03-14,39.25,118.2,5.69,1394.28
2012-03-15,39.07,116.8,5.69,1402.6
2012-03-16,39.2,117.1,5.67,1404.17
2012-03-19,42,116.2,5.65,1409.75
2012-03-20,41.4,115.5,5.63,1405.52
2012-03-21,42.44,116.9,5.62,1402.89
2012-03-22,41.25,114.6,5.65,1392.78
2012-03-23,41.32,114.2,5.62,1397.11
2012-03-26,44.9,114.9,5.6,1416.51
2012-03-27,45.8,114.7,5.58,1412.52
2012-03-28,45.99,115.4,5.58,1405.54
2012-03-29,45,113.5,5.6,1403.28
2012-03-30,46.2,111.8,5.57,1408.47
2012-04-02,47.9,113.2,5.59,1419.04
2012-04-03,46.81,115.5,5.59,1413.38
2012-04-04,45.6,113.8,5.66,1398.96
2012-04-10,44,110.4,5.67,1358.59
2012-04-11,42.95,110.2,5.66,1368.71
2012-04-12,43.54,111,5.66,1387.57
2012-04-13,43.95,109.3,5.66,1370.26
2012-04-16,44.05,110.4,5.71,1369.57
2012-04-17,44.75,110.4,5.67,1390.78
2012-04-18,45.7,112.5,5.68,1385.14
2012-04-19,45.69,111.6,5.68,1376.92
2012-04-20,45.45,113.2,5.64,1378.53
2012-04-23,45.4,112.5,5.67,1366.94
2012-04-24,45.34,112.4,5.65,1371.97
2012-04-25,45.24,112.6,5.63,1390.69
2012-04-26,45.25,111,5.63,1399.98
2012-04-27,45,112.1,5.62,1403.36
2012-04-30,44.8,112.5,5.63,1397.91
2012-05-01,45.39,111.9,5.61,1405.82
2012-05-02,45.36,109.7,5.66,1402.31
2012-05-03,45,110.4,5.67,1391.57
2012-05-07,44.33,109.2,5.71,1369.58
2012-05-08,43.8,108.9,5.71,1363.72
2012-05-09,42.55,106,5.74,1354.58
2012-05-10,43.35,108,5.74,1357.99
2012-05-11,42.83,109,5.74,1353.39
2012-05-14,41.25,118.6,5.78,1338.35
2012-05-15,41,115.1,5.79,1330.66
2012-05-16,42.87,117.4,5.84,1324.8
2012-05-21,42.09,123.9,5.83,1315.99
2012-05-22,42.38,126.2,5.82,1316.63
2012-05-23,42.41,125,5.87,1318.86
2012-05-24,43.1,122.4,5.92,1320.68
2012-05-25,42.63,124.2,5.92,1317.82
2012-05-29,43,126.5,5.93,1332.42
2012-05-30,42.21,127.5,5.97,1313.32
2012-05-31,42,124.5,5.99,1310.33
2012-06-01,41.5,123.5,6.03,1278.04
2012-06-04,42.95,124.2,5.97,1278.18
2012-06-06,42.69,124.5,5.95,1315.13
2012-06-07,43.34,124.5,5.9,1314.99
2012-06-08,42.98,123.8,5.96,1325.66
2012-06-11,43.15,124.1,5.93,1308.93
2012-06-12,43.2,122.7,5.95,1324.18
2012-06-13,43.01,121.4,5.93,1314.88
2012-06-14,44.59,122.5,5.92,1329.1
2012-06-15,44.15,121.4,5.9,1342.84
2012-06-18,45.6,121.2,5.89,1344.78
2012-06-19,50.05,124,5.89,1357.98
2012-06-20,48.8,122,5.85,1355.69
2012-06-21,51.45,121.7,5.87,1325.51
2012-06-22,53.3,122.2,5.93,1335.02
2012-06-25,54.9,119.2,5.95,1313.72
2012-06-26,54.8,117.8,5.96,1319.99
2012-06-27,55.05,118.4,5.96,1331.85
2012-06-28,58.9,118.2,5.99,1329.04
2012-06-29,58.45,121,5.9,1362.16
2012-07-02,56.5,123.8,5.9,1365.51
2012-07-03,56.25,125,5.91,1374.02
2012-07-04,56.5,125.1,5.92,1370.8
2012-07-05,57,123.3,5.98,1367.58
2012-07-06,56.8,121,6.01,1354.68
2012-07-09,59.2,120.6,6.05,1352.46
2012-07-10,59.45,120.3,6.05,1341.47
2012-07-11,59.5,120,6.07,1341.45
2012-07-12,63,119.6,6.11,1334.76
2012-07-13,64.25,119.8,6.1,1356.78
2012-07-16,63.8,120,6.11,1353.64
2012-07-17,63.1,120.5,6.06,1363.67
2012-07-18,63,123.4,6.08,1372.78
2012-07-19,64.1,125.5,6.05,1376.51
2012-07-20,63,128,6.1,1362.66
2012-07-23,61.7,125,6.15,1350.52
2012-07-24,64.4,122.3,6.15,1338.31
2012-07-25,64.1,118.8,6.13,1337.89
2012-07-26,64.05,120.4,6.07,1360.02
2012-07-27,63.7,121.6,6.04,1385.97
2012-07-30,62.8,121.8,6.07,1385.3
2012-07-31,62.1,120,6.06,1379.32
2012-08-01,62,119.2,6.05,1375.32
2012-08-02,62.2,117.6,6.03,1365
2012-08-03,63.5,118.5,6.08,1390.99
2012-08-06,63.3,118.2,6.01,1394.23
2012-08-07,63.65,118.4,5.99,1401.35
2012-08-08,63.9,111,6.03,1402.22
2012-08-09,63.9,110,6.05,1402.8
2012-08-10,62.4,109.3,6.07,1405.87
2012-08-13,63.8,108.7,6.03,1404.11
2012-08-14,63.3,108.6,6.03,1403.93
2012-08-15,62.7,109.3,6.06,1405.53
2012-08-16,64.2,109.2,6.06,1415.51
2012-08-17,65.1,108.8,6.04,1418.16
2012-08-20,65.05,108.2,6.05,1418.13
2012-08-21,66,108,5.99,1413.17
2012-08-22,69.95,108.2,5.98,1413.49
2012-08-23,69.85,107.7,5.93,1402.08
2012-08-24,69.5,108.3,5.95,1411.13
2012-08-27,69.65,108.2,5.94,1410.44
2012-08-28,68.15,108.5,5.94,1409.3
2012-08-29,67.85,108.8,5.94,1410.49
2012-08-30,78.75,108.6,5.94,1399.48
2012-08-31,78.5,109.2,5.91,1406.58
2012-09-03,83.3,108.9,5.93,1405.76
2012-09-04,79.7,107.9,5.92,1404.94
2012-09-05,80,108,5.92,1403.44
2012-09-06,80.5,108.8,5.9,1432.12
2012-09-07,80,107.3,5.86,1437.92
2012-09-10,79.25,105,5.83,1429.08
2012-09-11,77,106.3,5.83,1433.56
2012-09-12,74.15,103.8,5.78,1436.56
2012-09-13,73.85,103.5,5.77,1459.99
2012-09-14,73.8,103.9,5.69,1465.77
2012-09-17,76.65,103.6,5.7,1461.19
2012-09-18,73.85,103.8,5.71,1459.32
2012-09-19,74,103.3,5.73,1461.05
2012-09-20,72.8,104.6,5.75,1460.26
2012-09-21,73.05,106.4,5.74,1460.15
2012-09-24,74.35,105.9,5.77,1456.89
2012-09-25,73.8,105.4,5.77,1441.59
2012-09-26,72.6,103.2,5.8,1433.32
2012-09-27,72.25,104.9,5.79,1447.15
2012-09-28,72.95,107.8,5.77,1440.67
2012-10-01,73.7,106,5.79,1444.49
2012-10-02,75.15,106.9,5.77,1445.75
2012-10-03,75.95,105.8,5.78,1450.99
2012-10-04,77.75,107.1,5.76,1461.4
2012-10-05,78.9,108.3,5.73,1460.93
2012-10-08,78.2,107.4,5.75,1455.88
2012-10-09,79.25,106.3,5.76,1441.48
2012-10-10,78.5,105.6,5.79,1432.56
2012-10-11,82.05,105.2,5.77,1432.84
2012-10-12,82.05,104.8,5.75,1428.59
2012-10-15,81.9,105.4,5.75,1440.13
2012-10-16,83.55,105.9,5.72,1454.92
2012-10-17,86.85,104.8,5.69,1460.91
2012-10-18,86.2,103.7,5.69,1457.34
2012-10-19,87,104,5.72,1433.19
2012-10-22,84.85,103.5,5.71,1433.82
2012-10-23,82.85,100.6,5.74,1413.11
2012-10-24,83.5,101,5.76,1408.75
2012-10-25,83.4,99.5,5.74,1412.97
2012-10-26,82.95,99.65,5.78,1411.94
2012-10-29,82.5,99.35,5.78,1412.01333333333
2012-10-30,80.6,101.2,5.76,1412.08666666667
2012-10-31,80.2,100.2,5.74,1412.16
2012-11-01,83.9,99.05,5.75,1427.59
2012-11-02,83,99,5.81,1414.2
2012-11-05,81.4,98,5.84,1417.26
2012-11-06,81,96.4,5.83,1428.39
2012-11-07,81.4,101,5.85,1394.53
2012-11-08,81.4,98.25,5.86,1377.51
2012-11-09,79.35,98.75,5.88,1379.85
2012-11-12,78.95,95.75,5.86,1380.03
2012-11-13,75.6,97.25,5.87,1374.53
2012-11-14,74.3,94.25,5.86,1355.49
2012-11-15,70.7,93.85,5.85,1353.33
2012-11-16,69.5,92.35,5.85,1359.88
2012-11-19,70.05,93.1,5.84,1386.89
2012-11-20,71.75,92.55,5.82,1387.81
2012-11-21,71.25,93.2,5.82,1391.03
2012-11-22,72,95,5.78,1400.09
2012-11-23,72.25,96.15,5.78,1409.15
2012-11-26,70.25,96.55,5.75,1406.29
2012-11-27,70.8,96.5,5.75,1398.94
2012-11-28,69,95.45,5.79,1409.93
2012-11-29,70.95,95.05,5.74,1415.95
2012-11-30,76.25,95.9,5.74,1416.18
2012-12-03,75.4,94,5.71,1409.46
2012-12-04,76,95.2,5.7,1407.05
2012-12-05,80.55,97.4,5.71,1409.28
2012-12-06,80.45,99.8,5.71,1413.94
2012-12-07,80.2,99.2,5.78,1418.07
2012-12-10,82.55,99.15,5.77,1418.55
2012-12-11,82,98.2,5.74,1427.84
2012-12-12,81.3,98.85,5.72,1428.48
2012-12-13,82.5,98.95,5.71,1419.45
2012-12-14,83.9,98.2,5.7,1413.58
2012-12-17,82.35,97.45,5.67,1430.36
2012-12-18,80.7,96.65,5.66,1446.79
2012-12-19,82,82.15,5.61,1435.81
2012-12-20,80,82.25,5.63,1443.69
2012-12-21,80.6,81.65,5.65,1430.15
2012-12-27,78.95,82,5.62,1418.1
2012-12-28,77.8,82.9,5.66,1402.43
2013-01-02,78.45,83.5,5.63,1462.42
2013-01-03,78.95,83.9,5.69,1459.37
2013-01-04,78.5,86.1,5.73,1466.47
2013-01-07,81,87.4,5.72,1461.89
2013-01-08,80.45,88,5.7,1457.15
2013-01-09,80.9,88.95,5.71,1461.02
2013-01-10,83.05,89.95,5.69,1472.12
2013-01-11,83.2,90.4,5.62,1472.05
2013-01-14,84.3,90,5.59,1470.68
2013-01-15,84.2,89,5.6,1472.34
2013-01-16,87.45,89,5.62,1472.63
2013-01-17,90.3,88.5,5.58,1480.94
2013-01-18,89.95,88,5.6,1485.98
2013-01-21,95.1,88,5.6,1489.27
2013-01-22,96.9,87.55,5.6,1492.56
2013-01-23,101.8,87.5,5.6,1494.81
2013-01-24,100.6,86.6,5.59,1494.82
2013-01-25,103.6,87.2,5.54,1502.96
2013-01-28,100.8,86.2,5.55,1500.18
2013-01-29,98.65,87.05,5.55,1507.84
2013-01-30,99.3,87.95,5.51,1501.96
2013-01-31,98,86.9,5.51,1498.11
2013-02-01,96.8,89.6,5.47,1513.17
2013-02-04,97.2,89.15,5.5,1495.71
2013-02-05,96.7,88.6,5.51,1511.29
2013-02-06,94.7,89.65,5.52,1512.12
2013-02-07,93.85,89.75,5.51,1509.39
2013-02-08,94.7,90,5.58,1517.93
2013-02-11,95.55,90.15,5.57,1517.01
2013-02-12,99.25,90.25,5.55,1519.43
2013-02-13,97.55,91.9,5.54,1520.33
2013-02-14,97.5,91.5,5.6,1521.38
2013-02-15,102,92.65,5.6,1519.79
2013-02-18,103.9,93,5.59,1525.365
2013-02-19,106.2,93.85,5.59,1530.94
2013-02-20,108,94.05,5.58,1511.95
2013-02-21,105.7,93.5,5.66,1502.42
2013-02-22,103.7,94.35,5.66,1515.6
2013-02-25,102.8,95.75,5.61,1487.85
2013-02-26,100.9,94.95,5.7,1496.94
2013-02-27,100.7,94.5,5.69,1515.99
2013-02-28,102.9,96.85,5.68,1514.68
2013-03-01,104.8,99.95,5.74,1518.2
2013-03-04,104.4,99.75,5.73,1525.2
2013-03-05,103,100.4,5.72,1539.79
2013-03-06,101.5,100.4,5.72,1541.46
2013-03-07,101.9,100.9,5.73,1544.26
2013-03-08,117.1,100.8,5.7,1551.18
2013-03-11,118.9,101.7,5.74,1556.22
2013-03-12,118.6,101,5.71,1552.48
2013-03-13,123.9,102.4,5.74,1554.52
2013-03-14,122.4,102.3,5.76,1563.23
2013-03-15,123.1,103.6,5.7,1560.7
2013-03-18,120,102.3,5.77,1552.1
2013-03-19,120.3,102,5.76,1548.34
2013-03-20,127,103.3,5.76,1558.71
2013-03-21,128.3,101.8,5.77,1545.8
2013-03-22,129,99.9,5.76,1556.89
2013-03-25,133,99.15,5.76,1551.69
2013-03-26,134,108,5.79,1563.77
2013-03-27,134.5,107.1,5.84,1562.85
2013-04-02,139.5,109.3,5.81,1570.25
2013-04-03,144,109.7,5.81,1553.69
2013-04-04,141.8,111,5.81,1559.98
2013-04-05,138.4,111.5,5.76,1553.28
2013-04-08,139.7,113,5.72,1563.07
2013-04-09,146,113.9,5.72,1568.61
2013-04-10,148.4,114,5.7,1587.73
2013-04-11,154.4,114.5,5.68,1593.37
2013-04-12,152.9,114.9,5.71,1588.85
2013-04-15,156.5,115,5.7,1552.36
2013-04-16,155.6,113.7,5.68,1574.57
2013-04-17,147.5,109.3,5.68,1552.01
2013-04-18,148,112.3,5.72,1541.61
2013-04-19,147.4,108.5,5.68,1555.25
2013-04-22,147.5,109.4,5.72,1562.5
2013-04-23,148,112.3,5.74,1578.78
2013-04-24,148.3,112.8,5.73,1578.79
2013-04-25,148.2,114.1,5.7,1585.16
2013-04-29,149.2,113.5,5.69,1593.61
2013-04-30,147.6,113.2,5.7,1597.57
2013-05-01,144.5,113,5.64,1582.7
2013-05-02,157,111.4,5.65,1597.59
2013-05-03,155.7,113.4,5.68,1614.42
2013-05-06,154.7,111.9,5.69,1617.5
2013-05-07,154.6,111,5.69,1625.96
2013-05-08,160.9,111.4,5.67,1632.69
2013-05-13,162.2,112.3,5.75,1633.77
2013-05-14,164.9,113.3,5.74,1650.34
2013-05-15,170,112.8,5.79,1658.78
2013-05-16,180,115.6,5.78,1650.47
2013-05-17,197.6,115.8,5.79,1667.47
2013-05-21,192.7,116,5.79,1669.16
2013-05-22,195.5,115,5.77,1655.35
2013-05-23,185,113,5.78,1650.51
2013-05-24,191.5,112.8,5.76,1649.6
2013-05-27,188,113.2,5.76,1654.83
2013-05-28,197,113.2,5.76,1660.06
2013-05-29,195.2,111.7,5.76,1648.36
2013-05-30,208.5,112,5.76,1654.41
2013-05-31,206,110.7,5.73,1630.74
2013-06-03,202,109.2,5.73,1640.42
2013-06-04,206.3,107,5.69,1631.38
2013-06-06,216.9,107.5,5.68,1622.56
2013-06-07,214.6,107.6,5.62,1643.38
2013-06-10,218.8,106.9,5.64,1642.81
2013-06-11,199,104,5.62,1626.13
2013-06-12,199,104.2,5.62,1612.52
2013-06-13,190.6,103.4,5.6,1636.36
2013-06-14,184.5,103.5,5.61,1626.73
2013-06-17,186.5,103.3,5.59,1639.04
2013-06-18,188.8,101.2,5.58,1651.81
2013-06-19,184.1,102.1,5.56,1628.93
2013-06-20,180,101.2,5.65,1588.19
2013-06-21,177,100.7,5.66,1592.43
2013-06-24,165,97.8,5.7,1573.09
2013-06-25,168.6,100.6,5.68,1588.03
2013-06-26,179,101.5,5.73,1603.26
2013-06-27,185.6,103.5,5.72,1613.2
2013-06-28,174,102.2,5.7,1606.28
2013-07-01,178.5,102,5.72,1614.96
2013-07-02,177,101.9,5.73,1614.08
2013-07-03,176.4,102.2,5.76,1615.41
2013-07-04,177.5,103.9,5.75,1623.65
2013-07-05,175.9,104.6,5.79,1631.89
2013-07-08,178.5,104.8,5.8,1640.46
2013-07-09,179,105.2,5.8,1652.32
2013-07-10,179.7,107.5,5.82,1652.62
2013-07-11,178.4,108.4,5.72,1675.02
2013-07-12,178.7,112,5.72,1680.19
2013-07-15,179,111.8,5.73,1682.5
2013-07-16,180,112.9,5.68,1676.26
2013-07-17,180.4,111.8,5.68,1680.91
2013-07-18,185.7,111.5,5.7,1689.37
2013-07-19,182.4,112.3,5.68,1692.09
2013-07-22,181.4,112.4,5.66,1695.53
2013-07-23,177.1,114,5.66,1692.39
2013-07-24,173.8,114.8,5.63,1685.94
2013-07-25,167.5,114.3,5.65,1690.25
2013-07-26,166,114,5.62,1691.65
2013-07-29,165,114.1,5.62,1685.33
2013-07-30,164.9,114,5.61,1685.96
2013-07-31,162,113,5.62,1685.73
2013-08-01,161.4,113.8,5.63,1706.87
2013-08-02,158.8,113,5.65,1709.67
2013-08-05,159.6,114.5,5.62,1707.14
2013-08-06,160.1,115,5.62,1697.37
2013-08-07,160.8,115,5.6,1690.91
2013-08-08,166.7,112.2,5.58,1697.48
2013-08-09,169,114.6,5.58,1691.42
2013-08-12,169.7,113.6,5.62,1689.47
2013-08-13,168.7,113.5,5.61,1694.16
2013-08-14,170.3,113,5.63,1685.39
2013-08-15,177.1,112.5,5.61,1661.32
2013-08-16,171.8,112,5.59,1655.83
2013-08-19,169,112.7,5.59,1646.06
2013-08-20,169,114,5.57,1652.35
2013-08-21,168.5,114,5.57,1642.8
2013-08-22,169,113.7,5.6,1656.96
2013-08-23,170.5,109.5,5.58,1663.5
2013-08-26,176,113.4,5.58,1656.78
2013-08-27,170.3,111.8,5.59,1630.48
2013-08-28,165.7,111.4,5.59,1634.96
2013-08-29,168,113,5.62,1638.17
2013-08-30,166.9,113.8,5.64,1632.97
2013-09-02,168,113.8,5.65,1636.37
2013-09-03,168.9,115.1,5.66,1639.77
2013-09-04,169,115.2,5.66,1653.08
2013-09-05,170.8,115,5.65,1655.08
2013-09-06,170.1,115.1,5.69,1655.17
2013-09-09,170.2,115.4,5.65,1671.71
2013-09-10,181.6,116.7,5.63,1683.99
2013-09-11,187,116.3,5.62,1689.13
2013-09-12,185,116.3,5.61,1683.42
2013-09-13,184.3,116.9,5.61,1687.99
2013-09-16,201,118.2,5.58,1697.6
2013-09-17,198.5,118.5,5.58,1704.76
2013-09-18,199.8,117.4,5.59,1725.52
2013-09-19,202,118,5.51,1722.34
2013-09-20,218,119.5,5.52,1709.91
2013-09-23,212.5,119.1,5.52,1701.84
2013-09-24,213.7,119.8,5.53,1697.42
2013-09-25,218.1,118.7,5.52,1692.77
2013-09-26,224.6,119.7,5.52,1698.67
2013-09-27,231.6,120,5.51,1691.75
2013-09-30,226,120.2,5.52,1681.55
2013-10-01,229.3,123.3,5.5,1695
2013-10-02,233.5,122,5.52,1693.87
2013-10-03,233.7,120.7,5.49,1678.66
2013-10-04,234.9,119.5,5.49,1690.5
2013-10-07,235,118.7,5.5,1676.12
2013-10-08,232,114,5.49,1655.45
2013-10-09,227,112.5,5.52,1656.4
2013-10-10,231.5,114,5.51,1692.56
2013-10-11,236.9,114.7,5.5,1703.2
2013-10-14,235.6,113.2,5.5,1710.14
2013-10-15,237.9,114,5.53,1698.06
2013-10-16,239,113.6,5.5,1721.54
2013-10-17,239,114.8,5.46,1733.15
2013-10-18,242.1,117.4,5.45,1744.5
2013-10-21,250,117.5,5.46,1744.66
2013-10-22,250.6,117,5.46,1754.67
2013-10-23,247.8,117,5.42,1746.38
2013-10-24,250,116.5,5.4,1752.07
2013-10-25,251,118.4,5.41,1759.77
2013-10-28,246,118.7,5.41,1762.11
2013-10-29,246.6,119.5,5.42,1771.95
2013-10-30,244.7,118.9,5.42,1763.31
2013-10-31,238.5,118.1,5.47,1756.54
2013-11-01,238,119.6,5.52,1761.64
2013-11-04,236.7,120.8,5.52,1767.93
2013-11-05,230.7,121.3,5.53,1762.97
2013-11-06,239.1,126.5,5.52,1770.49
2013-11-07,225.7,117.9,5.58,1747.15
2013-11-08,214,117.9,5.55,1770.61
2013-11-11,218,118.9,5.57,1771.89
2013-11-12,214,118.9,5.55,1767.69
2013-11-13,207.5,119.6,5.56,1782
2013-11-14,207.7,121.3,5.55,1790.62
2013-11-15,210.8,120.3,5.54,1798.18
2013-11-18,210,119.6,5.52,1791.53
2013-11-19,209.9,118.1,5.52,1787.87
2013-11-20,209.6,117,5.51,1781.37
2013-11-21,210.1,117.4,5.54,1795.85
2013-11-22,213.2,117,5.52,1804.76
2013-11-25,215.6,118.2,5.52,1802.48
2013-11-26,224.7,117.3,5.51,1802.75
2013-11-27,221.2,118.9,5.49,1807.23
2013-11-28,229.4,118.4,5.49,1806.52
2013-11-29,227.5,120,5.48,1805.81
2013-12-02,227,120.1,5.51,1800.9
2013-12-03,222.7,122.1,5.49,1795.15
2013-12-04,220.5,121.3,5.49,1792.81
2013-12-05,218.2,121.6,5.49,1785.03
2013-12-06,225.9,122.9,5.46,1805.09
2013-12-09,235.8,123.7,5.44,1808.37
2013-12-10,231,125.7,5.43,1802.62
2013-12-11,221.3,131,5.42,1782.22
2013-12-12,221.4,130.5,5.42,1775.5
2013-12-13,216.2,129,5.44,1775.32
2013-12-16,219.5,128,5.42,1786.54
2013-12-17,215,127.6,5.43,1781
2013-12-18,216.7,128.4,5.43,1810.65
2013-12-19,221.6,130,5.46,1809.6
2013-12-20,222.5,133.5,5.46,1818.32
2013-12-23,217.4,134.3,5.45,1827.99
2013-12-27,214.9,135.5,5.4,1841.4
2013-12-30,212,137,5.41,1841.07
2014-01-02,217.5,137.5,5.46,1831.98
2014-01-03,229.1,137.3,5.47,1831.37
2014-01-06,235.2,139.1,5.48,1826.77
2014-01-07,230,138.6,5.47,1837.88
2014-01-08,224.9,136.6,5.49,1837.49
2014-01-09,233.8,138.8,5.48,1838.13
2014-01-10,242.5,138.2,5.49,1842.37
2014-01-13,235.2,137,5.47,1819.2
2014-01-14,236.3,136.2,5.46,1838.88
2014-01-15,233.1,136.4,5.48,1848.38
2014-01-16,236.4,136,5.49,1845.89
2014-01-17,235.5,136.5,5.49,1838.7
2014-01-20,231.5,137.2,5.5,1841.25
2014-01-21,233.6,136.6,5.52,1843.8
2014-01-22,232.5,136.6,5.5,1844.86
2014-01-23,228.5,136,5.47,1828.46
2014-01-24,220,136.5,5.45,1790.29
2014-01-27,212.1,134.6,5.46,1781.56
2014-01-28,212,134.1,5.47,1792.5
2014-01-29,209.5,134.7,5.48,1774.2
2014-01-30,216,134.3,5.5,1794.19
2014-01-31,219.6,137.1,5.52,1782.59
2014-02-03,210.5,137.4,5.53,1741.89
2014-02-04,206.7,136,5.52,1755.2
2014-02-05,205.7,136.2,5.51,1751.64
2014-02-06,205.8,132.3,5.53,1773.43
2014-02-07,211,133.7,5.5,1797.02
2014-02-10,210,136.5,5.47,1799.84
2014-02-11,215.5,138.1,5.46,1819.75
2014-02-12,214.5,140.2,5.5,1819.26
2014-02-13,215,140,5.46,1829.83
2014-02-14,233.2,141.5,5.44,1838.63
2014-02-17,239,143.3,5.45,1839.695
2014-02-18,238.9,143.5,5.43,1840.76
2014-02-19,243.5,146.4,5.43,1828.75
2014-02-20,241.9,147.3,5.44,1839.78
2014-02-21,244.4,148,5.44,1836.25
2014-02-24,245.3,153.4,5.43,1847.61
2014-02-25,243.5,155.3,5.43,1845.12
2014-02-26,243,154.8,5.44,1845.16
2014-02-27,242.8,155.1,5.46,1854.29
2014-02-28,244.2,157.6,5.4,1859.45
2014-03-03,233.2,156,5.42,1845.73
2014-03-04,240,161.4,5.42,1873.91
2014-03-05,253.1,161.5,5.43,1873.81
2014-03-06,250.4,162.7,5.43,1877.03
2014-03-07,242.5,161.6,5.37,1878.04
2014-03-10,246.3,161.6,5.38,1877.17
2014-03-11,246.5,165,5.39,1867.63
2014-03-12,241,163.9,5.37,1868.2
2014-03-13,241,163.8,5.35,1846.34
2014-03-14,237.5,163.5,5.38,1841.13
2014-03-17,242.6,165.1,5.37,1858.83
2014-03-18,242.7,167.5,5.37,1872.25
2014-03-19,242.8,171,5.36,1860.77
2014-03-20,237.5,168.7,5.42,1872.01
2014-03-21,233.3,172.2,5.42,1866.52
2014-03-24,220.2,172.2,5.42,1857.44
2014-03-25,218.7,171.9,5.41,1865.62
2014-03-26,218,172.6,5.41,1852.56
2014-03-27,227.2,168,5.43,1849.04
2014-03-28,225,167.9,5.43,1857.62
2014-03-31,220.3,167,5.41,1872.34
2014-04-01,221.8,168.5,5.41,1885.52
2014-04-02,218.8,167.5,5.41,1890.9
2014-04-03,218.2,162.1,5.42,1888.77
2014-04-04,220.5,163,5.45,1865.09
2014-04-07,212.5,157.5,5.44,1845.04
2014-04-08,208.4,152.5,5.42,1851.96
2014-04-09,215.6,153.9,5.41,1872.18
2014-04-10,211,156,5.38,1833.08
2014-04-11,200,152,5.38,1815.69
2014-04-14,187.7,152.8,5.4,1830.61
2014-04-15,183,151.4,5.41,1842.98
2014-04-16,192,152.9,5.39,1862.31
2014-04-22,208,157,5.4,1879.55
2014-04-23,203.4,159.6,5.4,1875.39
2014-04-24,200.5,159.2,5.4,1878.61
2014-04-25,198.5,158.9,5.4,1863.4
2014-04-28,199.5,158.7,5.39,1869.43
2014-04-29,199.4,158.5,5.4,1878.33
2014-04-30,199.9,156.8,5.39,1883.95
2014-05-01,206,158,5.38,1883.68
2014-05-02,214,158.6,5.38,1881.14
2014-05-05,212,159,5.38,1884.66
2014-05-06,213.1,154.1,5.35,1867.72
2014-05-07,214.4,151.1,5.36,1878.21
2014-05-08,213.1,153.5,5.35,1875.63
2014-05-09,214.2,155.5,5.42,1878.48
2014-05-12,217.2,156.8,5.42,1896.65
2014-05-13,218.3,156.8,5.45,1897.45
2014-05-14,217.5,156,5.44,1888.53
2014-05-15,211.5,155.3,5.46,1870.85
2014-05-19,208.9,153,5.44,1885.08
2014-05-20,205,149.9,5.45,1872.83
2014-05-21,205.8,146.5,5.46,1888.03
2014-05-22,206,148.9,5.46,1892.49
2014-05-23,205.8,147.9,5.48,1900.53
2014-05-26,209.5,150,5.47,1906.22
2014-05-27,217.1,148.8,5.47,1911.91
2014-05-28,220.5,147.4,5.48,1909.78
2014-06-02,219.5,145.8,5.48,1924.97
2014-06-03,215.6,142,5.47,1924.24
2014-06-04,229.6,142.5,5.48,1927.88
2014-06-06,227.2,140.8,5.47,1949.44
2014-06-10,230.6,145,5.51,1950.79
2014-06-11,224.4,142.4,5.51,1943.89
2014-06-12,225.3,140.6,5.51,1930.11
2014-06-13,221.3,137.2,5.51,1936.16
2014-06-16,218.9,138.3,5.51,1937.78
2014-06-17,219.7,142.6,5.5,1941.99
2014-06-18,219.9,145.9,5.5,1956.98
2014-06-19,227.1,145.8,5.47,1959.48
2014-06-20,233.4,145.1,5.49,1962.87
2014-06-23,233.6,142.3,5.48,1962.61
2014-06-24,232.8,143.5,5.47,1949.98
2014-06-25,230.2,142.7,5.48,1959.53
2014-06-26,234.5,143.9,5.48,1957.22
2014-06-27,236.8,147.4,5.48,1960.96
2014-07-01,227.9,136,5.45,1973.32
2014-07-02,230.5,132.5,5.46,1974.62
2014-07-03,228.6,135.2,5.46,1985.44
2014-07-04,227.7,132.4,5.49,1981.545
2014-07-07,225.3,131.5,5.49,1977.65
2014-07-08,219,130.2,5.49,1963.71
2014-07-09,214.3,126,5.48,1972.83
2014-07-10,209.6,126,5.48,1964.68
2014-07-11,211.3,125,5.48,1967.57
2014-07-14,214.4,130.4,5.47,1977.1
2014-07-15,211.8,131.5,5.48,1973.28
2014-07-16,212.1,129.9,5.51,1981.57
2014-07-17,209,128.6,5.51,1958.12
2014-07-18,208.5,123.5,5.51,1978.22
2014-07-21,207.8,124,5.52,1973.63
2014-07-22,209,126.5,5.53,1983.53
2014-07-23,210.5,126.9,5.54,1987.01
2014-07-24,214.7,127.5,5.54,1987.98
2014-07-25,219.5,126.6,5.55,1978.34
2014-07-28,215.7,126.8,5.55,1978.91
2014-07-29,221.1,127.6,5.55,1969.95
2014-07-30,224.8,128,5.56,1970.07
2014-07-31,223.3,127.6,5.57,1930.67
2014-08-01,221.5,125,5.57,1925.15
2014-08-04,218.8,122.8,5.55,1938.99
2014-08-05,229.1,123,5.57,1920.21
2014-08-06,221.2,120,5.59,1920.24
2014-08-07,224.9,122.5,5.58,1909.57
2014-08-08,223.2,120.8,5.57,1931.59
2014-08-11,231.7,120.1,5.57,1936.92
2014-08-12,228.3,119.8,5.59,1933.75
2014-08-13,228.2,119.8,5.58,1946.72
2014-08-14,232.4,119.3,5.58,1955.18
2014-08-15,227.6,118.9,5.57,1955.06
2014-08-18,226.5,118.6,5.57,1971.74
2014-08-19,228.1,119.2,5.58,1981.6
2014-08-20,229.4,119.4,5.61,1986.51
2014-08-21,225.5,119.2,5.62,1992.37
2014-08-22,224.8,118.3,5.62,1988.4
2014-08-25,230.8,119.6,5.65,1997.92
2014-08-26,230.5,120.4,5.65,2000.02
2014-08-27,232.5,120.4,5.66,2000.12
2014-08-28,229.8,119.7,5.65,1996.74
2014-08-29,226.3,119.2,5.65,2003.37
2014-09-01,224.6,117,5.67,2002.825
2014-09-02,223.5,118.3,5.68,2002.28
2014-09-03,226.3,119.6,5.66,2000.72
2014-09-04,224.6,119.2,5.72,1997.65
2014-09-05,223,118.9,5.75,2007.71
2014-09-08,224,119.5,5.75,2001.54
2014-09-09,226.2,120.1,5.77,1988.44
2014-09-10,225.8,120.2,5.76,1995.69
2014-09-11,232.2,120.8,5.76,1997.45
2014-09-12,234.7,122,5.76,1985.54
2014-09-15,235.1,122.3,5.77,1984.13
2014-09-16,231.7,122,5.75,1998.98
2014-09-17,234,123.8,5.75,2001.57
2014-09-18,233.8,125.3,5.78,2011.36
2014-09-19,237.8,128.1,5.79,2010.4
2014-09-22,239,130.7,5.8,1994.29
2014-09-23,235.5,129.1,5.77,1982.77
2014-09-24,236.3,129.8,5.8,1998.3
2014-09-25,244.5,131.3,5.86,1965.99
2014-09-26,251.8,131.7,5.85,1982.85
2014-09-29,252,131.5,5.86,1977.8
2014-09-30,250,131.6,5.92,1972.29
2014-10-01,251.1,131.3,5.91,1946.16
2014-10-02,250.5,130.5,5.89,1946.17
2014-10-03,256.5,131.3,5.9,1967.9
2014-10-06,255,131.1,5.92,1964.82
2014-10-07,251.3,128.5,5.9,1935.1
2014-10-08,248,124.2,5.89,1968.89
2014-10-09,247,122.5,5.83,1928.21
2014-10-10,236.5,119,5.89,1906.13
2014-10-13,233.5,116,5.87,1874.74
2014-10-14,230.1,113.3,5.89,1877.7
2014-10-15,220.4,115.7,5.88,1862.49
2014-10-16,218.2,115.1,5.84,1862.76
2014-10-17,232.4,119.6,5.81,1886.76
2014-10-20,235.4,116.7,5.83,1904.01
2014-10-21,240,117.8,5.84,1941.28
2014-10-22,249.2,119.1,5.87,1927.11
2014-10-23,252.4,121.9,5.88,1950.82
2014-10-24,248.5,123.1,5.88,1964.58
2014-10-27,248.9,124.6,5.87,1961.63
2014-10-28,245.1,124.6,5.84,1985.05
2014-10-29,247.9,126,5.84,1982.3
2014-10-30,254,129.1,5.91,1994.65
2014-10-31,258.9,126,5.94,2018.05
2014-11-03,261.2,125.1,5.96,2017.81
2014-11-04,269.4,125.7,5.95,2012.1
2014-11-05,269.9,125,5.96,2023.57
2014-11-06,273.1,128.9,5.94,2031.21
2014-11-07,269,128,6,2031.92
2014-11-10,274.5,127.8,5.96,2038.26
2014-11-11,279,126.9,5.99,2039.68
2014-11-12,275.7,126.8,5.97,2038.25
2014-11-13,273.7,129.4,5.97,2039.33
2014-11-14,273.7,128.2,5.99,2039.82
2014-11-17,271.1,126.1,5.96,2041.32
2014-11-18,276.2,126.1,5.95,2051.8
2014-11-19,279.5,126.6,5.94,2048.72
2014-11-20,278.7,126.5,5.94,2052.75
2014-11-21,280.5,126.4,5.99,2063.5
2014-11-24,284.6,128.4,6,2069.41
2014-11-25,295.8,133,5.99,2067.03
2014-11-26,295.4,133,5.96,2072.83
2014-11-27,295.9,135,5.96,2070.195
2014-11-28,295.7,134,5.96,2067.56
2014-12-01,301.3,133.8,5.97,2053.44
2014-12-02,296.4,132.4,5.99,2066.55
2014-12-03,302,133,6.03,2074.33
2014-12-04,306,131.4,6.04,2071.92
2014-12-05,301.9,130.6,6.02,2075.37
2014-12-08,323,130.7,6.07,2060.31
2014-12-09,317.6,128.6,6.02,2059.82
2014-12-10,332,127.4,6,2026.14
2014-12-11,341.7,126.8,5.99,2035.33
2014-12-12,341,123.6,5.97,2002.33
2014-12-15,337.4,120.2,5.99,1989.63
2014-12-16,339.9,119.8,5.93,1972.74
2014-12-17,345.1,121.3,5.98,2012.89
2014-12-18,354.1,122.6,6.06,2061.23
2014-12-19,352.7,121.8,6.06,2070.65
2014-12-22,360.4,124.7,6.07,2078.54
2014-12-23,354.3,125.2,6.09,2082.17
2014-12-29,359,124.7,6.1,2090.57
2014-12-30,360.3,122.8,6.12,2080.35
2015-01-02,371.5,126,6.18,2058.2
2015-01-05,371.8,125,6.25,2020.58
2015-01-06,363.4,122.3,6.25,2002.61
2015-01-07,358,120.4,6.29,2025.9
2015-01-08,371,123.9,6.32,2062.14
2015-01-09,375,128.4,6.3,2044.81
2015-01-12,389,127.1,6.3,2028.26
2015-01-13,386.3,129.4,6.31,2023.03
2015-01-14,387,126.1,6.32,2011.27
2015-01-15,386,126.9,6.35,1992.67
2015-01-16,392.7,128.8,6.42,2019.42
2015-01-19,403.2,128.8,6.41,2020.985
2015-01-20,411.7,128.7,6.42,2022.55
2015-01-21,413.5,131.2,6.41,2032.12
2015-01-22,402.8,128.4,6.41,2063.15
2015-01-23,413.4,131.5,6.65,2051.82
2015-01-26,431.2,134.2,6.62,2057.09
2015-01-27,436.7,133.2,6.59,2029.55
2015-01-28,443,134.2,6.56,2002.16
2015-01-29,441.3,134.1,6.58,2021.25
2015-01-30,442.8,134,6.58,1994.99
2015-02-02,435.5,134.2,6.58,2020.85
2015-02-03,425,134.2,6.54,2050.03
2015-02-04,471,132.8,6.5,2041.51
2015-02-05,446,127,6.53,2062.52
2015-02-06,462.6,124.1,6.5,2055.47
2015-02-09,466.8,124.6,6.6,2046.74
2015-02-10,476,124.9,6.59,2068.59
2015-02-11,477.5,125.5,6.58,2068.53
2015-02-12,482.6,126.2,6.57,2088.48
2015-02-13,486,126,6.54,2096.99
2015-02-16,481.5,127.9,6.53,2098.665
2015-02-17,480,129.6,6.52,2100.34
2015-02-18,480.5,131.5,6.55,2099.68
2015-02-19,478.5,131.6,6.54,2097.45
2015-02-20,475,130,6.6,2110.3
2015-02-23,486.9,130.7,6.61,2109.66
2015-02-24,482.5,132.8,6.58,2115.48
2015-02-25,487.3,132,6.58,2113.86
2015-02-26,498.8,132.5,6.6,2110.74
2015-02-27,493,132.5,6.64,2104.5
2015-03-02,485,133.2,6.65,2117.39
2015-03-03,518.5,133.2,6.67,2107.78
2015-03-04,521,132,6.7,2098.53
2015-03-05,546.5,145.2,6.73,2101.04
2015-03-06,544.5,144.3,6.8,2071.26
2015-03-09,547,142.1,6.86,2079.43
2015-03-10,540.5,139.4,6.94,2044.16
2015-03-11,548,139.6,7.05,2040.24
2015-03-12,541,136,7.03,2065.95
2015-03-13,547,136.6,7.06,2053.4
2015-03-16,545.5,141.9,7.07,2081.19
2015-03-17,533,139.3,7.02,2074.28
2015-03-18,531,138.6,7.04,2099.5
2015-03-19,533.5,141.2,6.98,2089.27
2015-03-20,535,142.5,6.92,2108.1
2015-03-23,529,145.4,6.83,2104.42
2015-03-24,533.5,144.9,6.81,2091.5
2015-03-25,497.2,144,6.8,2061.05
2015-03-26,466.2,141.7,6.81,2056.15
2015-03-27,516,144,6.88,2061.02
2015-03-30,532.5,146,6.89,2086.24
2015-03-31,523,146.5,6.94,2067.89
2015-04-01,518,145.8,6.95,2059.69
2015-04-07,526.5,149.1,6.89,2076.33
2015-04-08,525,147.4,6.88,2081.9
2015-04-09,531,148.5,6.93,2091.18
2015-04-10,538,150.8,7.07,2102.06
2015-04-13,542,151.2,7.08,2092.43
2015-04-14,522.5,145,7.07,2095.84
2015-04-15,523,144.9,7.06,2106.63
2015-04-16,517.5,139.6,6.97,2104.99
2015-04-17,514.5,132.8,6.9,2081.18
2015-04-20,528.5,132.5,6.96,2100.4
2015-04-21,536,135.7,6.97,2097.29
2015-04-22,531.5,134.6,6.95,2107.96
2015-04-23,524.5,130.1,6.93,2112.93
2015-04-24,545.5,132.1,6.89,2117.69
2015-04-27,560,131.9,6.89,2108.92
2015-04-28,540,132,6.83,2114.76
2015-04-29,514,128.6,6.78,2106.85
2015-04-30,514,129.4,6.65,2085.51
2015-05-04,531,129.6,6.69,2114.49
2015-05-05,534,130.5,6.71,2089.46
2015-05-06,522.5,156.4,6.65,2080.15
2015-05-07,528.5,151.5,6.6,2088
2015-05-08,537,147.1,6.65,2116.1
2015-05-11,539,140.7,6.7,2105.33
2015-05-12,529.5,139.8,6.64,2099.12
2015-05-13,559.5,138.9,6.65,2098.48
2015-05-18,561.5,135.9,6.55,2129.2
2015-05-19,587.5,138.5,6.67,2127.83
2015-05-20,588,138.1,6.71,2125.85
2015-05-21,575,135.8,6.7,2130.82
2015-05-22,577.5,136.5,6.68,2126.06
2015-05-26,582,135.8,6.82,2104.2
2015-05-27,582,134.1,6.86,2123.48
2015-05-28,598.5,134.8,6.85,2120.79
2015-05-29,596.5,132.8,6.8,2107.39
2015-06-01,597.5,133.5,6.82,2111.73
2015-06-02,595.5,132.5,6.76,2109.6
2015-06-03,596.5,133.5,6.7,2114.07
2015-06-04,593,132.2,6.59,2095.84
2015-06-08,606.5,130.8,6.68,2079.28
2015-06-09,599,129.9,6.63,2080.15
2015-06-10,617,129.1,6.62,2105.2
2015-06-11,623.5,131.5,6.64,2108.86
2015-06-12,609,129.7,6.65,2094.11
2015-06-15,585.5,128.4,6.65,2084.43
2015-06-16,596,129.1,6.65,2096.29
2015-06-17,581,131.1,6.61,2100.44
2015-06-18,586,137.5,6.54,2121.24
2015-06-19,577.5,136,6.6,2109.99
2015-06-22,596.5,135.5,6.58,2122.85
2015-06-23,600,133.4,6.66,2124.2
2015-06-24,592.5,134,6.65,2108.58
2015-06-25,593.5,131.5,6.66,2102.31
2015-06-26,595,130.9,6.66,2101.49
2015-06-29,575,130.5,6.7,2057.64
2015-06-30,582,129,6.67,2063.11
2015-07-01,595,135.4,6.72,2077.42
2015-07-02,581.5,135.5,6.74,2076.78
2015-07-03,579.5,136.3,6.72,2072.77
2015-07-06,583,136,6.78,2068.76
2015-07-07,585.5,136.7,6.83,2081.34
2015-07-08,571,139,6.77,2046.68
2015-07-09,593.5,141.8,6.75,2051.31
2015-07-10,609.5,144.4,6.67,2076.62
2015-07-13,629,155.8,6.75,2099.6
2015-07-14,632,155.8,6.76,2108.95
2015-07-15,651,154.2,6.78,2107.4
2015-07-16,669,155,6.87,2124.29
2015-07-17,683.5,156.9,6.85,2126.64
2015-07-20,684.5,161,6.88,2128.28
2015-07-21,666,159.4,6.87,2119.21
2015-07-22,675,162.2,6.84,2114.15
2015-07-23,670.5,164.5,6.78,2102.15
2015-07-24,672.5,162.3,6.82,2079.65
2015-07-27,640,159,6.75,2067.64
2015-07-28,646.5,156.5,6.77,2093.25
2015-07-29,658,159.9,6.76,2108.57
2015-07-30,638,159.8,6.81,2108.63
2015-07-31,639.5,160.6,6.8,2103.84
2015-08-03,655,158.8,6.81,2098.04
2015-08-04,650.5,160.8,6.8,2093.32
2015-08-05,652,163,6.86,2099.84
2015-08-06,650,163.1,6.85,2083.56
2015-08-07,626,160,6.82,2077.57
2015-08-10,642,164.9,6.81,2104.18
2015-08-11,643.5,167.4,6.75,2084.07
2015-08-12,615.5,162.5,6.69,2086.05
2015-08-13,625.5,168.8,6.72,2083.39
2015-08-14,639,165.8,6.68,2091.54
2015-08-17,629.5,166.5,6.72,2102.44
2015-08-18,638.5,168.9,6.75,2096.92
2015-08-19,622,201,6.76,2079.61
2015-08-20,583,197,6.67,2035.73
2015-08-21,575,197.6,6.62,1970.89
2015-08-24,548,192.5,6.49,1893.21
2015-08-25,569,196.4,6.49,1867.61
2015-08-26,560.5,203.1,6.55,1940.51
2015-08-27,610,210,6.61,1987.66
2015-08-28,591.5,209.2,6.62,1988.87
2015-08-31,597.5,206.1,6.65,1972.18
2015-09-01,577,198.6,6.64,1913.85
2015-09-02,603,197.3,6.63,1948.86
2015-09-03,628,199.4,6.64,1951.13
2015-09-04,612.5,194.2,6.7,1921.22
2015-09-07,637,197.1,6.69,1945.315
2015-09-08,642,196.8,6.68,1969.41
2015-09-09,644,199.5,6.7,1942.04
2015-09-10,647.5,198,6.67,1952.29
2015-09-11,649,198.1,6.62,1961.05
2015-09-14,645,197.6,6.6,1953.03
2015-09-15,645,199.5,6.59,1978.09
2015-09-16,637.5,199,6.64,1995.31
2015-09-17,638,197.6,6.6,1990.2
2015-09-18,646.5,200.1,6.53,1958.03
2015-09-21,662,200,6.63,1966.97
2015-09-22,650,193.9,6.69,1942.74
2015-09-23,650.5,188.1,6.69,1938.76
2015-09-24,640,190.2,6.64,1932.24
2015-09-25,654,185.7,6.69,1931.34
2015-09-28,627,188.5,6.68,1881.77
2015-09-29,601.5,182.5,6.66,1884.09
2015-09-30,611.5,178,6.66,1920.03
2015-10-01,619,187.8,6.69,1923.82
2015-10-02,623,183.3,6.68,1951.36
2015-10-05,635,185,6.64,1987.05
2015-10-06,632.5,184.4,6.65,1979.92
2015-10-07,636.5,190.3,6.62,1995.83
2015-10-08,625,190,6.63,2013.43
2015-10-09,622,189.3,6.57,2014.89
2015-10-12,611.5,189.8,6.56,2017.46
2015-10-13,613,190,6.56,2003.69
2015-10-14,593.5,190.7,6.54,1994.24
2015-10-15,613,193.4,6.52,2023.86
2015-10-16,628,195.3,6.57,2033.11
2015-10-19,634.5,200.1,6.58,2033.66
2015-10-20,636.5,199.9,6.56,2030.77
2015-10-21,634,199.5,6.57,2018.94
2015-10-22,636.5,194.7,6.59,2052.51
2015-10-23,646,194.1,6.73,2075.15
2015-10-26,668.5,196,6.78,2071.18
2015-10-27,663,200.6,6.74,2065.89
2015-10-28,667,202.8,6.73,2090.35
2015-10-29,670,200,6.82,2089.41
2015-10-30,669,199.3,6.77,2079.36
2015-11-02,680,203.5,6.76,2104.05
2015-11-03,672.5,204.8,6.8,2109.79
2015-11-04,707.5,212,6.82,2102.31
2015-11-05,697.5,221,6.85,2099.93
2015-11-06,705,222,6.87,2099.2
2015-11-09,711.5,219.4,6.92,2078.58
2015-11-10,720,218.4,6.96,2081.72
2015-11-11,738.5,218.2,6.96,2075
2015-11-12,728,216.9,6.96,2045.97
2015-11-13,734.5,214.7,6.93,2023.04
2015-11-16,744,213.5,6.96,2053.19
2015-11-17,744,209.5,6.99,2050.44
2015-11-18,827,209.4,6.99,2083.58
2015-11-19,840,211.2,6.98,2081.24
2015-11-20,840,212,6.98,2089.17
2015-11-23,840.5,212.4,7.02,2086.59
2015-11-24,836.5,211.2,7,2089.14
2015-11-25,860,211.8,7.05,2088.87
2015-11-26,875.5,212,7.03,2089.49
2015-11-27,892.5,212.2,7.05,2090.11
2015-11-30,892.5,214.5,7.05,2080.41
2015-12-01,891.5,218,7.04,2102.63
2015-12-02,909.5,217.5,7.03,2079.51
2015-12-03,917.5,218,6.99,2049.62
2015-12-04,926,212.8,6.84,2091.69
2015-12-07,926,221.9,6.9,2077.07
2015-12-08,938,220.3,6.86,2063.59
2015-12-09,954,217.1,6.82,2047.62
2015-12-10,939.5,217,6.82,2052.23
2015-12-11,939.5,211.5,6.81,2012.37
2015-12-14,911,211.3,6.79,2021.94
2015-12-15,919.5,211.7,6.79,2043.41
2015-12-16,919.5,211.5,6.82,2073.07
2015-12-17,925.5,213.3,6.88,2041.89
2015-12-18,915.5,212.1,6.89,2005.55
2015-12-21,915.5,217.7,6.86,2021.15
2015-12-22,910,218.9,6.81,2038.97
2015-12-23,919.5,222.4,6.84,2064.29
2015-12-28,919.5,230.2,6.81,2056.5
2015-12-29,924,234.7,6.81,2078.36
2015-12-30,917.5,235.4,6.83,2063.36
2016-01-04,925,228.9,6.85,2012.66
2016-01-05,925,240,6.94,2016.71
2016-01-06,913,234.1,6.94,1990.26
2016-01-07,913,232,6.86,1943.09
2016-01-08,878.5,233.5,6.87,1922.03
2016-01-11,844.5,226,6.85,1923.67
2016-01-12,874,223.7,6.89,1938.68
2016-01-13,877,227.4,6.9,1890.28
2016-01-14,863,219.6,6.85,1921.84
2016-01-15,819,215.6,6.84,1880.33
2016-01-18,801.5,212.9,6.85,1880.83
2016-01-19,839,216.9,6.87,1881.33
2016-01-20,802.5,213.1,6.84,1859.33
2016-01-21,816.5,215,6.85,1868.99
2016-01-22,841.5,222,6.9,1906.9
2016-01-25,866.5,229.7,6.9,1877.08
2016-01-26,871.5,230.1,6.89,1903.63
2016-01-27,866,230.3,6.85,1882.95
2016-01-28,841,221.9,6.84,1893.36
2016-01-29,859,223,6.83,1940.24
2016-02-01,851.5,220.4,6.86,1939.38
2016-02-02,849,220.8,6.83,1903.03
2016-02-03,826.5,216.9,6.83,1912.53
2016-02-04,801,232.3,6.66,1915.45
2016-02-05,750,224.4,6.66,1880.05
2016-02-08,663.5,210.5,6.72,1853.44
2016-02-09,638,206.9,6.64,1852.21
2016-02-10,674,226.7,6.63,1851.86
2016-02-11,653.5,223.5,6.58,1829.08
2016-02-12,649,233.8,6.62,1864.78
2016-02-15,691,240.5,6.68,1880.18
2016-02-16,695,234.9,6.68,1895.58
2016-02-17,717,241.9,6.7,1926.82
2016-02-18,746.5,246.1,6.73,1917.83
2016-02-19,763.5,243.8,6.73,1917.78
2016-02-22,785.5,249.7,6.77,1945.5
2016-02-23,794.5,255,6.78,1921.27
2016-02-24,779,248.8,6.8,1929.8
2016-02-25,822.5,248,6.77,1951.7
2016-02-26,845,252.3,6.78,1948.05
2016-02-29,843.5,257.3,6.85,1932.23
2016-03-01,858,254.4,6.86,1978.35
2016-03-02,856,247,6.87,1986.45
2016-03-03,832,239.7,6.84,1993.4
2016-03-04,820,239.9,6.8,1999.99
2016-03-07,821,235.8,6.81,2001.76
2016-03-08,808.5,230.9,6.77,1979.26
2016-03-09,805.5,231.6,6.8,1989.26
2016-03-10,801,232,6.87,1989.57
2016-03-11,808.5,240.5,6.73,2022.19
2016-03-14,834,245.4,6.71,2019.64
2016-03-15,826,246.2,6.71,2015.93
2016-03-16,830,245.1,6.74,2027.22
2016-03-17,815.5,239.7,6.59,2040.59
2016-03-18,819,240.5,6.61,2049.58
2016-03-21,816.5,239.2,6.61,2051.6
2016-03-22,842.5,246.1,6.65,2049.8
2016-03-23,856,248,6.67,2036.71
2016-03-29,850,230,6.66,2055.01
2016-03-30,858.5,221.3,6.58,2063.95
2016-03-31,907.5,216.2,6.54,2059.74
2016-04-01,923.5,215.3,6.52,2072.78
2016-04-04,925,222.8,6.54,2066.13
2016-04-05,913,225.1,6.55,2045.17
2016-04-06,913,231,6.56,2066.66
2016-04-07,923,233.3,6.55,2041.91
2016-04-08,944.5,238.1,6.55,2047.6
2016-04-11,941.5,235.8,6.53,2041.99
2016-04-12,925,230.1,6.53,2061.72
2016-04-13,912.5,225.1,6.59,2082.42
2016-04-14,936.5,226,6.61,2082.78
2016-04-15,930,224.6,6.59,2080.73
2016-04-18,951,222.3,6.58,2094.34
2016-04-19,967,224.9,6.56,2100.8
2016-04-20,943,221.3,6.54,2102.4
2016-04-21,970.5,219.5,6.55,2091.48
2016-04-25,970,228.9,6.61,2087.79
2016-04-26,960.5,220.6,6.59,2091.7
2016-04-27,969,223,6.58,2095.15
2016-04-28,971,218.8,6.55,2075.81
2016-04-29,963,217.1,6.53,2065.3
2016-05-02,963,219.7,6.47,2081.43
2016-05-03,960.5,217.2,6.43,2063.37
2016-05-04,950.5,218.3,6.47,2051.12
2016-05-09,987.5,231.7,6.53,2058.69
2016-05-10,998,235.6,6.54,2084.39
2016-05-11,1000,240.9,6.52,2064.46
2016-05-12,1003,239.2,6.53,2064.11
2016-05-13,1009,240.2,6.56,2046.61
2016-05-17,1014,237.6,6.57,2047.21
2016-05-18,1016,239.8,6.59,2047.63
2016-05-19,1067,245.3,6.64,2040.04
2016-05-20,1130,252.4,6.63,2052.32
2016-05-23,1205,256.3,6.63,2048.04
2016-05-24,1229,257.3,6.66,2076.06
2016-05-25,1205,261,6.67,2090.54
2016-05-26,1183,262.6,6.66,2090.1
2016-05-27,1177,259.2,6.66,2099.06
2016-05-30,1194,262.3,6.68,2098.005
2016-05-31,1208,263,6.67,2096.95
2016-06-01,1219,261,6.66,2099.33
2016-06-02,1230,260.1,6.65,2105.26
2016-06-03,1241,259.6,6.67,2099.13
2016-06-06,1250,259,6.55,2109.41
2016-06-07,1266,257.7,6.55,2112.13
2016-06-08,1233,256.5,6.54,2119.12
2016-06-09,1233,254.8,6.56,2115.48
2016-06-10,1161,247.8,6.58,2096.07
2016-06-13,1131,247.3,6.6,2079.06
2016-06-14,1093,238.5,6.62,2075.32
2016-06-15,1108,240.7,6.62,2071.5
2016-06-16,1045,236.2,6.65,2077.99
2016-06-17,1097,238.1,6.61,2071.22
2016-06-20,1139,236.3,6.56,2083.25
2016-06-21,1137,235.5,6.57,2088.9
2016-06-22,1158,235.2,6.59,2085.45
2016-06-23,1177,239.1,6.53,2113.32
2016-06-24,1127,236.5,6.72,2037.41
2016-06-27,1078,234.7,6.76,2000.54
2016-06-28,1114,238.7,6.72,2036.09
2016-06-29,1170,247,6.71,2070.77
2016-06-30,1210,249.8,6.7,2098.86
2016-07-01,1237,249.2,6.68,2102.95
2016-07-04,1230,257.5,6.68,2095.75
2016-07-05,1210,253.6,6.68,2088.55
2016-07-06,1189,252.8,6.72,2099.73
2016-07-07,1191,268.8,6.72,2097.9
2016-07-08,1202,266.1,6.72,2129.9
2016-07-11,1224,269.1,6.73,2137.16
2016-07-12,1202,267.5,6.71,2152.14
2016-07-13,1183,265.8,6.72,2152.43
2016-07-14,1170,262.1,6.67,2163.75
2016-07-15,1142,261.3,6.68,2161.74
2016-07-18,1142,264.7,6.73,2166.89
2016-07-19,1160,268.4,6.74,2163.78
2016-07-20,1159,274,6.75,2173.02
2016-07-21,1157,270.4,6.75,2165.17
2016-07-22,1148,270.5,6.75,2175.03
2016-07-25,1145,267.1,6.77,2168.48
2016-07-26,1210,274.6,6.76,2169.18
2016-07-27,1193,269.2,6.77,2166.58
2016-07-28,1213,271.5,6.71,2170.06
2016-07-29,1206,270.5,6.69,2173.6
2016-08-01,1218,274.9,6.66,2170.84
2016-08-02,1198,276.5,6.65,2157.03
2016-08-03,1202,273.3,6.64,2163.79
2016-08-04,1228,274.1,6.68,2164.25
2016-08-05,1223,273.7,6.67,2182.87
2016-08-08,1198,271,6.71,2180.89
2016-08-09,1233,273.4,6.71,2181.74
2016-08-10,1167,273.5,6.65,2175.49
2016-08-11,1170,267.1,6.67,2185.79
2016-08-12,1132,267,6.67,2184.05
2016-08-15,1133,278.5,6.66,2190.15
2016-08-16,1116,274.3,6.59,2178.15
2016-08-17,1113,270.5,6.6,2182.22
2016-08-18,1092,268.4,6.57,2187.02
2016-08-19,1109,268.1,6.57,2183.87
2016-08-22,1150,275.9,6.58,2182.64
2016-08-23,1156,277,6.56,2186.9
2016-08-24,1126,277.7,6.61,2175.44
2016-08-25,1103,276.7,6.59,2172.47
2016-08-26,1094,274.9,6.6,2169.04
2016-08-29,1085,271.6,6.67,2180.38
2016-08-30,1095,274.3,6.67,2176.12
2016-08-31,1066,266.6,6.69,2170.95
2016-09-01,1059,264.5,6.68,2170.86
2016-09-02,1049,266.4,6.65,2179.98
2016-09-05,1055,269.1,6.67,2183.23
2016-09-06,1058,268.7,6.67,2186.48
2016-09-07,1045,271.1,6.62,2186.16
2016-09-08,1029,269,6.59,2181.3
2016-09-09,1000,258.6,6.61,2127.81
2016-09-12,985.5,259.3,6.63,2159.04
2016-09-13,1025,257.4,6.62,2127.02
2016-09-14,1080,259.4,6.64,2125.77
2016-09-15,1080,259.5,6.62,2147.26
2016-09-16,1103,263.3,6.63,2139.16
2016-09-19,1098,267.8,6.67,2139.12
2016-09-20,1123,271.2,6.66,2139.76
2016-09-21,1152,269.3,6.69,2163.12
2016-09-22,1146,271.7,6.63,2177.18
2016-09-23,1143,230.1,6.65,2164.69
2016-09-26,1134,228.3,6.62,2146.1
2016-09-27,1128,228.1,6.64,2159.93
2016-09-28,1142,224.8,6.64,2171.37
2016-09-29,1128,219.4,6.64,2151.13
2016-09-30,1130,217.1,6.68,2168.27
2016-10-03,1142,217.6,6.63,2161.2
2016-10-04,1132,215.6,6.67,2150.49
2016-10-05,1130,219.6,6.64,2159.73
2016-10-06,1136,216.7,6.65,2160.77
2016-10-07,1136,216.8,6.68,2153.74
2016-10-10,1147,222.2,6.67,2163.66
2016-10-11,1136,219.9,6.72,2136.73
2016-10-12,1127,219.1,6.75,2139.18
2016-10-13,1105,217.1,6.74,2132.55
2016-10-14,1123,220.8,6.76,2132.98
2016-10-17,1117,217.9,6.77,2126.5
2016-10-18,1137,218.6,6.77,2139.6
2016-10-19,1145,221.7,6.78,2144.29
2016-10-20,1156,224,6.78,2141.34
2016-10-21,1135,226.1,6.83,2141.16
2016-10-24,1144,222.9,6.83,2151.33
2016-10-25,1114,218.8,6.84,2143.16
2016-10-26,1104,218.7,6.81,2139.43
2016-10-27,1142,220.1,6.81,2133.04
2016-10-28,1130,215.9,6.81,2126.41
2016-10-31,1118,218.5,6.8,2126.15
2016-11-01,1064,215.1,6.75,2111.72
2016-11-02,1067,226.4,6.71,2097.94
2016-11-03,1189,242.1,6.73,2088.66
2016-11-04,1158,240.3,6.71,2085.18
2016-11-07,1189,241.1,6.73,2131.52
2016-11-08,1174,246.9,6.74,2139.56
2016-11-09,1226,257.2,6.75,2163.26
2016-11-10,1211,255.5,6.83,2167.48
2016-11-11,1200,260,6.83,2164.45
2016-11-14,1202,260.8,6.91,2164.2
2016-11-15,1217,261.6,6.91,2180.39
2016-11-16,1229,260.9,6.95,2176.94
2016-11-17,1249,263.7,6.94,2187.12
2016-11-18,1246,265.8,7,2181.9
2016-11-21,1245,264.4,7,2198.18
2016-11-22,1251,263.2,7.01,2202.94
2016-11-23,1233,264,7.02,2204.72
2016-11-24,1227,266.1,7.05,2209.035
2016-11-25,1252,267.9,7.02,2213.35
2016-11-28,1229,268.7,7.03,2201.72
2016-11-29,1237,264.4,7.03,2204.66
2016-11-30,1216,267.6,7,2198.81
2016-12-01,1186,264.1,7,2191.08
2016-12-02,1180,268.6,6.99,2191.95
2016-12-05,1193,265.9,6.95,2204.71
2016-12-06,1155,258.8,6.93,2212.23
2016-12-07,1160,258,6.93,2241.35
2016-12-08,1165,261.2,6.91,2246.19
2016-12-09,1200,270.3,7.04,2259.53
2016-12-12,1175,268.6,7.02,2256.96
2016-12-13,1172,271.5,7.01,2271.72
2016-12-14,1147,271,6.99,2253.28
2016-12-15,1145,275.5,7.14,2262.03
2016-12-16,1139,279.6,7.12,2258.07
2016-12-19,1150,276.8,7.13,2262.53
2016-12-20,1160,273.5,7.17,2270.76
2016-12-21,1151,279,7.13,2265.18
2016-12-22,1136,274.6,7.12,2260.96
2016-12-23,1141,277.5,7.12,2263.79
2016-12-27,1167,284.9,7.12,2268.88
2016-12-28,1174,283.9,7.15,2249.92
2016-12-29,1177,285.3,7.11,2249.26
2016-12-30,1173,287.3,7.05,2238.83
2017-01-02,1192,295.5,7.1,2248.33
2017-01-03,1204,294.2,7.16,2257.83
2017-01-04,1236,289.9,7.12,2270.75
2017-01-05,1291,296.8,7.08,2269
2017-01-06,1300,299.9,7.02,2276.98
2017-01-09,1290,299.8,7.07,2268.9
2017-01-10,1287,302.6,7.04,2268.9
2017-01-11,1291,304.5,7.08,2275.32
2017-01-12,1250,295,6.96,2270.44
2017-01-13,1286,299.3,6.97,2274.64
2017-01-16,1263,295.7,7.02,2271.265
2017-01-17,1264,294.9,6.96,2267.89
2017-01-18,1275,296,6.97,2271.89
2017-01-19,1262,297,6.97,2263.69
2017-01-20,1250,293,6.99,2271.31
2017-01-23,1273,290.8,6.94,2265.2
2017-01-24,1288,288,6.92,2280.07
2017-01-25,1298,285.4,6.92,2298.37
2017-01-26,1314,287,6.95,2296.68
2017-01-27,1327,291.6,6.96,2294.69
2017-01-30,1333,293.5,7,2280.9
2017-01-31,1328,295.2,6.92,2278.87
2017-02-01,1349,298.3,6.89,2279.55
2017-02-02,1362,299.1,6.88,2280.85
2017-02-03,1377,300.7,6.92,2297.42
2017-02-06,1402,305,6.94,2292.56
2017-02-07,1402,305,6.97,2293.08
2017-02-08,1379,289.5,6.97,2294.67
2017-02-09,1418,293,6.95,2307.87
2017-02-10,1424,294.4,6.99,2316.1
2017-02-13,1435,292.2,7,2328.25
2017-02-14,1428,290.2,7,2337.58
2017-02-15,1430,288.7,7.04,2349.25
2017-02-16,1433,289.7,6.98,2347.22
2017-02-17,1407,287.7,6.98,2351.16
2017-02-20,1395,287.5,7,2358.27
2017-02-21,1422,293.1,7.05,2365.38
2017-02-22,1415,296.1,7.07,2362.82
2017-02-23,1424,298.4,7.03,2363.81
2017-02-24,1371,292.9,7.01,2367.34
2017-02-27,1347,286.1,7.02,2369.75
2017-02-28,1390,286.4,7.01,2363.64
2017-03-01,1375,292,7.06,2395.96
2017-03-02,1394,294.7,7.07,2381.92
2017-03-03,1385,294.2,7.04,2383.12
2017-03-06,1370,290.6,7.02,2375.31
2017-03-07,1362,291.7,7.03,2368.39
2017-03-08,1352,290.9,7.04,2362.98
2017-03-09,1367,292,7.05,2364.87
2017-03-10,1392,294.7,7.01,2372.6
2017-03-13,1420,299.1,6.97,2373.47
2017-03-14,1443,304.9,6.99,2365.45
2017-03-15,1454,302.8,7,2385.26
2017-03-16,1482,303.3,6.93,2381.38
2017-03-17,1475,307.4,6.92,2378.25
2017-03-20,1448,308.3,6.91,2373.47
2017-03-21,1415,308.2,6.88,2344.02
2017-03-22,1395,311,6.88,2348.45
2017-03-23,1394,317.9,6.89,2345.96
2017-03-24,1406,318.4,6.88,2343.98
2017-03-27,1383,316.8,6.83,2341.59
2017-03-28,1402,320,6.85,2358.57
2017-03-29,1427,322.1,6.92,2361.13
2017-03-30,1413,326.1,6.93,2368.06
2017-03-31,1343,323.4,6.96,2362.72
2017-04-03,1264,323.6,6.98,2358.84
2017-04-04,1289,331.4,6.98,2360.16
2017-04-05,1257,331.3,6.96,2352.95
2017-04-06,1255,333.2,6.97,2357.49
2017-04-07,1240,334.4,7,2355.54
2017-04-10,1278,339.3,7.03,2357.16
2017-04-11,1270,337.4,7.01,2353.78
2017-04-12,1255,340,7.01,2344.93
2017-04-18,1278,338,6.96,2342.19
2017-04-19,1299,336.5,6.94,2338.17
2017-04-20,1313,346,6.92,2355.84
2017-04-21,1305,341.8,6.95,2348.69
2017-04-24,1316,347.9,6.86,2374.15
2017-04-25,1317,351.3,6.83,2388.61
2017-04-26,1367,353.3,6.83,2387.45
2017-04-27,1371,357.3,6.84,2388.77
2017-04-28,1358,350,6.81,2384.2
2017-05-01,1372,355.8,6.81,2388.33
2017-05-02,1381,336.4,6.81,2391.17
2017-05-03,1370,316,6.81,2388.13
2017-05-04,1371,320.1,6.81,2389.52
2017-05-05,1367,321.4,6.78,2399.29
2017-05-08,1372,320,6.8,2399.38
2017-05-09,1344,325.6,6.83,2396.92
2017-05-10,1403,336,6.84,2399.63
2017-05-11,1357,340.1,6.85,2394.44
2017-05-15,1383,343.1,6.78,2402.32
2017-05-16,1389,341.6,6.73,2400.67
2017-05-17,1340,336.1,6.69,2357.03
2017-05-18,1405,335,6.69,2365.72
2017-05-19,1418,338.3,6.66,2381.73
2017-05-22,1401,343.7,6.62,2394.02
2017-05-23,1382,350.1,6.64,2398.42
2017-05-24,1387,349.9,6.65,2404.39
2017-05-29,1363,343.7,6.65,2408.65
2017-05-30,1362,347.2,6.66,2412.91
2017-05-31,1413,353.3,6.63,2411.8
2017-06-01,1440,342.5,6.63,2430.06
2017-06-02,1453,342.9,6.63,2439.07
2017-06-06,1454,350.3,6.61,2429.33
2017-06-07,1417,346.9,6.63,2433.14
2017-06-08,1408,348.5,6.62,2433.79
2017-06-09,1404,349.5,6.66,2431.77
2017-06-12,1371,344.3,6.63,2429.39
2017-06-13,1423,349,6.63,2440.35
2017-06-14,1413,350.8,6.64,2437.92
2017-06-15,1395,350,6.66,2432.46
2017-06-16,1402,364.7,6.66,2433.15
2017-06-19,1424,368.7,6.64,2453.46
2017-06-20,1417,370.2,6.67,2437.03
2017-06-21,1441,374.8,6.67,2435.61
2017-06-22,1476,386,6.66,2434.5
2017-06-23,1478,373.2,6.66,2438.3
2017-06-26,1456,371.5,6.65,2439.07
2017-06-27,1428,365.9,6.59,2419.38
2017-06-28,1396,368.2,6.54,2440.69
2017-06-29,1397,362.5,6.52,2419.7
2017-06-30,1389,365.4,6.52,2423.41
2017-07-03,1381,367.5,6.54,2429.01
2017-07-04,1375,369.1,6.55,2430.775
2017-07-05,1389,376.2,6.56,2432.54
2017-07-06,1376,369.4,6.53,2409.75
2017-07-07,1382,387.1,6.52,2425.18
2017-07-10,1386,395.5,6.53,2427.43
2017-07-11,1380,386.5,6.52,2425.53
2017-07-12,1414,376.3,6.5,2443.25
2017-07-13,1412,373.1,6.51,2447.83
2017-07-14,1430,371.6,6.51,2459.27
2017-07-17,1434,374.4,6.49,2459.14
2017-07-18,1450,371.1,6.44,2460.61
2017-07-19,1438,376,6.45,2473.83
2017-07-20,1432,384.2,6.48,2473.45
2017-07-21,1438,383.8,6.39,2472.54
2017-07-24,1411,378.6,6.38,2469.91
2017-07-25,1417,380.6,6.36,2477.13
2017-07-26,1428,391.8,6.39,2477.83
2017-07-27,1437,384,6.36,2475.42
2017-07-28,1429,370.2,6.34,2472.1
2017-07-31,1429,377.5,6.34,2470.3
2017-08-01,1411,373.9,6.3,2476.35
2017-08-02,1398,370.7,6.29,2477.57
2017-08-03,1399,376,6.27,2472.16
2017-08-04,1389,381,6.27,2476.83
2017-08-07,1408,386.8,6.31,2480.91
2017-08-08,1395,383.7,6.3,2474.92
2017-08-09,1386,365,6.34,2474.02
2017-08-10,1333,376,6.34,2438.21
2017-08-11,1359,371.8,6.32,2441.32
2017-08-14,1358,367.9,6.3,2465.84
2017-08-15,1360,376.6,6.33,2464.61
2017-08-16,1366,380.5,6.35,2468.11
2017-08-17,1360,382.9,6.36,2430.01
2017-08-18,1324,375.8,6.33,2425.55
2017-08-21,1310,379.2,6.32,2428.37
2017-08-22,1339,392.9,6.32,2452.51
2017-08-23,1301,390.1,6.3,2444.04
2017-08-24,1448,397.9,6.3,2438.97
2017-08-25,1401,397.8,6.3,2443.05
2017-08-28,1425,392.1,6.24,2444.24
2017-08-29,1440,387.1,6.17,2446.3
2017-08-30,1429,393.7,6.24,2457.59
2017-08-31,1458,397.9,6.29,2471.65
2017-09-01,1460,404.3,6.24,2476.55
2017-09-04,1447,400.2,6.25,2467.2
2017-09-05,1446,400.6,6.26,2457.85
2017-09-06,1425,402.1,6.24,2465.54
2017-09-07,1442,404.8,6.21,2465.1
2017-09-08,1454,411.8,6.17,2461.43
2017-09-11,1455,354.9,6.2,2488.11
2017-09-12,1438,344.8,6.23,2496.48
2017-09-13,1445,355.5,6.21,2498.37
2017-09-14,1453,363.3,6.26,2495.62
2017-09-15,1416,362.2,6.22,2500.23
2017-09-18,1426,357.7,6.23,2503.87
2017-09-19,1431,360.1,6.22,2506.65
2017-09-20,1427,367.1,6.2,2508.24
2017-09-21,1414,364.4,6.25,2500.6
2017-09-22,1428,373.7,6.22,2502.22
2017-09-25,1435,375,6.27,2496.66
2017-09-26,1398,361.6,6.31,2496.84
2017-09-27,1392,362.8,6.34,2507.04
2017-09-28,1402,366.1,6.32,2510.06
2017-09-29,1390,363.3,6.3,2519.36
2017-10-02,1418,370,6.34,2529.12
2017-10-03,1431,371.4,6.33,2534.58
2017-10-04,1434,376.5,6.31,2537.74
2017-10-05,1432,379.4,6.34,2552.07
2017-10-06,1390,383.7,6.36,2549.33
2017-10-09,1390,385.6,6.34,2544.73
2017-10-10,1421,394.9,6.31,2550.64
2017-10-11,1420,392,6.29,2555.24
2017-10-12,1424,393.4,6.28,2550.93
2017-10-13,1432,396.4,6.3,2553.17
2017-10-16,1435,384,6.31,2557.64
2017-10-17,1346,388.9,6.33,2559.36
2017-10-18,1332,384,6.34,2561.26
2017-10-19,1320,380.4,6.29,2562.1
2017-10-20,1328,381,6.3,2575.21
2017-10-23,1323,389,6.34,2564.98
2017-10-24,1280,388.8,6.33,2569.13
2017-10-25,1291,388.4,6.32,2557.15
2017-10-26,1265,386.2,6.33,2560.4
2017-10-27,1297,389.9,6.41,2581.07
2017-10-30,1281,389,6.41,2572.83
2017-10-31,1290,379.6,6.39,2575.26
2017-11-01,1261,371.1,6.41,2579.36
2017-11-02,1223,365,6.39,2579.85
2017-11-03,1206,366.1,6.38,2587.84
2017-11-06,1240,368.5,6.42,2591.13
2017-11-07,1233,373.7,6.44,2590.64
2017-11-08,1230,346.4,6.42,2594.38
2017-11-09,1181,345.7,6.4,2584.62
2017-11-10,1149,351.3,6.39,2582.3
2017-11-13,1130,351.3,6.38,2584.84
2017-11-14,1125,355.5,6.34,2578.87
2017-11-15,1133,352.9,6.29,2564.62
2017-11-16,1210,356,6.32,2585.64
2017-11-17,1225,356.3,6.31,2578.85
2017-11-20,1195,354.9,6.32,2582.14
2017-11-21,1231,352.3,6.35,2599.03
2017-11-22,1202,349,6.33,2597.08
2017-11-23,1198,343.8,6.28,2599.75
2017-11-24,1195,336.3,6.27,2602.42
2017-11-27,1190,312.2,6.23,2601.42
2017-11-28,1213,317.6,6.26,2627.04
2017-11-29,1200,309.6,6.29,2626.07
2017-11-30,1230,315.3,6.28,2647.58
2017-12-01,1212,312.1,6.26,2642.22
2017-12-04,1195,307,6.27,2639.44
2017-12-05,1164,303.4,6.28,2629.57
2017-12-06,1192,300.6,6.3,2629.27
2017-12-07,1165,300.9,6.31,2636.98
2017-12-08,1194,303.9,6.34,2651.5
2017-12-11,1183,302.7,6.31,2659.99
2017-12-12,1110,307.1,6.33,2664.11
2017-12-13,1052,305,6.34,2662.85
2017-12-14,1034,303.2,6.28,2652.01
2017-12-15,1032,301.2,6.31,2675.81
2017-12-18,1031,306.9,6.31,2690.16
2017-12-19,1023,308.3,6.3,2681.47
2017-12-20,1031,303.2,6.28,2679.25
2017-12-21,1053,301.8,6.28,2684.57
2017-12-22,1046,299.6,6.28,2683.34
2017-12-27,1053,310,6.26,2682.62
2017-12-28,1040,303.8,6.24,2687.54
2017-12-29,1029,315,6.21,2673.61
2018-01-02,1058,312,6.17,2695.81
2018-01-03,1057.5,317.2,6.19,2713.06
2018-01-04,1035,311.3,6.17,2723.99
2018-01-05,1100,316.6,6.18,2743.15
2018-01-08,1151.5,319,6.22,2747.71
2018-01-09,1152.5,320.1,6.24,2751.29
2018-01-10,1172,316.3,6.21,2748.23
2018-01-11,1150,314.8,6.2,2767.56
2018-01-12,1145,314.2,6.14,2786.24
2018-01-15,1145,313.8,6.07,2781.33
2018-01-16,1146.5,316.8,6.09,2776.42
2018-01-17,1155.5,318.2,6.1,2802.56
2018-01-18,1137,308.7,6.09,2798.03
2018-01-19,1170.5,316,6.08,2810.3
2018-01-22,1170.5,314,6.08,2832.97
2018-01-23,1133,322.1,6.08,2839.13
2018-01-24,1114.5,319.7,6.03,2837.54
2018-01-25,1099,315,6,2839.25
2018-01-26,1132,318.1,5.98,2872.87
2018-01-29,1136,316.7,6.01,2853.53
2018-01-30,1101,309.3,5.99,2822.43
2018-01-31,1098,305.6,5.97,2823.81
2018-02-01,1095,309,5.97,2821.98
2018-02-02,1066,301.2,5.96,2762.13
2018-02-05,1063.5,301.4,5.98,2648.94
2018-02-06,1046,299.2,6.04,2695.14
2018-02-07,1072,290,6.03,2681.66
2018-02-08,1055,298.7,6.07,2581
2018-02-09,1037,303,6.07,2619.55
2018-02-12,1055,313.3,6.07,2656
2018-02-13,1041.5,311.4,6.04,2662.94
2018-02-14,1074.5,317.4,6.03,2698.63
2018-02-15,1073,319.8,5.96,2731.2
2018-02-16,1088,324,5.98,2732.22
2018-02-19,1047,320,6,2724.24
2018-02-20,1050,321.1,6.04,2716.26
2018-02-21,1019,326.5,6.05,2701.33
2018-02-22,1200,323.1,6.07,2703.96
2018-02-23,1241,319.1,6.05,2747.3
2018-02-26,1260.5,325.3,6.04,2779.6
2018-02-27,1230,323.2,6.05,2744.28
2018-02-28,1247,320.7,6.1,2713.83
2018-03-01,1233,323.8,6.12,2677.67
2018-03-02,1216,319.8,6.05,2691.25
2018-03-05,1244,325.4,6.05,2720.94
2018-03-06,1253,324.2,6,2728.12
2018-03-07,1250,325,6,2726.8
2018-03-08,1260.5,333.8,6,2738.97
2018-03-09,1261.5,339.2,6.06,2786.57
2018-03-12,1260,337.6,6.06,2783.02
2018-03-13,1255,342.8,6.02,2765.31
2018-03-14,1263,341.4,6.02,2749.48
2018-03-15,1269.5,342.6,6.04,2747.33
2018-03-16,1265,341.6,6.06,2752.01
2018-03-19,1266,345.4,6.05,2712.92
2018-03-20,1270,344.2,6.07,2716.94
2018-03-21,1272,336.6,6.06,2711.93
2018-03-22,1264,331.1,6.05,2643.69
2018-03-23,1262,334,6.03,2588.26
2018-03-26,1242,335.5,6,2658.55
2018-03-27,1280,338.1,6.02,2612.62
2018-03-28,1298,337.8,6.01,2605
2018-04-03,1256,336.7,6.05,2614.45
2018-04-04,1219,341,6.07,2644.69
2018-04-05,1243.5,346.1,6.07,2662.84
2018-04-06,1230,345.2,6.09,2604.47
2018-04-09,1217,346.3,6.05,2613.16
2018-04-10,1210,348.7,6.02,2656.87
2018-04-11,1203.5,344.5,6.01,2642.19
2018-04-12,1215,344.6,6.04,2663.99
2018-04-13,1202,340.1,6.05,2656.3
2018-04-16,1190,340.4,6.02,2677.84
2018-04-17,1294,343.4,6.03,2706.39
2018-04-18,1264,348.1,6.01,2708.64
2018-04-19,1277.5,347.9,6.02,2693.13
2018-04-20,1267,343.5,6.05,2670.14
2018-04-23,1253.5,344,6.09,2670.29
2018-04-24,1236.5,345.2,6.1,2634.56
2018-04-25,1221.5,348.5,6.11,2639.4
2018-04-26,1255.5,352.5,6.12,2666.94
2018-04-30,1252,359,6.17,2648.05
2018-05-01,1236,357,6.185,2654.8
2018-05-02,1248.5,364.3,6.2,2635.67
2018-05-03,1264.5,365,6.21,2629.73
2018-05-04,1248,369.2,6.22,2663.42
2018-05-07,1293.5,372.2,6.26,2672.63
2018-05-08,1305,403.1,6.28,2671.92
2018-05-09,1244,411.3,6.27,2697.79
2018-05-14,1263.5,409.9,6.22,2730.13
2018-05-15,1251,408.4,6.27,2711.45
2018-05-16,1226,418.3,6.32,2722.46
2018-05-17,1255,421.6,6.31,2720.13
2018-05-18,1268,426.4,6.32,2712.97
2018-05-22,1232.5,423.2,6.31,2724.44
2018-05-23,1227,425.5,6.36,2733.29
2018-05-24,1219,428.4,6.35,2727.76
2018-05-25,1192.5,434.4,6.38,2721.33
2018-05-28,953.2,433.3,6.4,2705.595
2018-05-29,956.2,434.8,6.44,2689.86
2018-05-30,987.8,445.4,6.4,2724.01
2018-05-31,958,449.1,6.36,2705.27
2018-06-01,977.8,447.2,6.38,2734.62
2018-06-04,977.8,446.6,6.34,2746.87
2018-06-06,981.6,448.2,6.33,2772.35
2018-06-07,962,443.8,6.29,2770.37
2018-06-08,952,450.9,6.34,2779.03
2018-06-11,946.8,453.6,6.32,2782
2018-06-12,968,450,6.32,2786.85
2018-06-13,968,452.4,6.33,2775.63
2018-06-14,987.8,459.4,6.35,2782.49
2018-06-15,960.4,475.9,6.42,2779.66
2018-06-18,951.2,470.3,6.42,2773.75
2018-06-19,960.2,465.8,6.46,2762.59
2018-06-20,1014,470.6,6.44,2767.32
2018-06-21,988.2,470,6.46,2749.76
2018-06-22,994.8,474.1,6.4,2754.88
2018-06-25,1004,462.5,6.37,2717.07
2018-06-26,967,450.7,6.38,2723.06
2018-06-27,984.6,458.7,6.41,2699.63
2018-06-28,966.4,436.9,6.43,2716.31
2018-06-29,984.8,448.4,6.39,2718.37
2018-07-02,979.6,434.3,6.4,2726.71
2018-07-03,1002.5,441.2,6.39,2713.22
2018-07-04,1016,438.3,6.4,2724.915
2018-07-05,1029.5,436.6,6.36,2736.61
2018-07-06,1026,443.9,6.36,2759.82
2018-07-09,1030,440.4,6.32,2784.17
2018-07-10,1063.5,442.9,6.36,2793.84
2018-07-11,1055.5,438.9,6.35,2774.02
2018-07-12,1082.5,448.6,6.4,2798.29
2018-07-13,1085.5,442.2,6.4,2801.31
2018-07-16,1090,444,6.36,2798.43
2018-07-17,1115,448.3,6.37,2809.55
2018-07-18,1127.5,448.6,6.42,2815.62
2018-07-19,1125,448,6.43,2804.49
2018-07-20,1136.5,467,6.39,2801.83
2018-07-23,1123,459.4,6.36,2806.98
2018-07-24,1128.5,460,6.36,2820.4
2018-07-25,1130,462.9,6.37,2846.07
2018-07-26,1144,459.1,6.36,2837.44
2018-07-27,1129.5,465.8,6.41,2818.82
2018-07-30,1136.5,460.5,6.38,2802.6
2018-07-31,1092,461.3,6.35,2816.29
2018-08-01,1104.5,467.2,6.37,2813.36
2018-08-02,1101.5,472.3,6.41,2827.22
2018-08-03,1094.5,470.5,6.43,2840.35
2018-08-06,1069.5,455,6.46,2850.4
2018-08-07,1080,443.7,6.42,2858.45
2018-08-08,1060.5,380.3,6.43,2857.7
2018-08-09,1045,375,6.43,2853.58
2018-08-10,1058.5,364.1,6.51,2833.28
2018-08-13,1085.5,373.1,6.54,2821.93
2018-08-14,1066,372.5,6.54,2839.96
2018-08-15,1044,376.8,6.59,2818.37
2018-08-16,1052,382.3,6.56,2840.69
2018-08-17,1052.5,380.1,6.55,2850.13
2018-08-20,1045.5,377.3,6.53,2857.05
2018-08-21,1039.5,385,6.48,2862.96
2018-08-22,1053.5,382.7,6.42,2861.82
2018-08-23,1069,378.5,6.44,2856.98
2018-08-24,1066,375.5,6.44,2874.69
2018-08-27,1085,372.7,6.41,2896.74
2018-08-28,1085.5,374.8,6.37,2897.52
2018-08-29,1097,378.5,6.4,2914.04
2018-08-30,1111,377.7,6.38,2901.13
2018-08-31,1111,376.8,6.4,2901.52
2018-09-03,1083.5,383.3,6.42,2899.12
2018-09-04,1087,373.1,6.45,2896.72
2018-09-05,1061.5,366.4,6.44,2888.6
2018-09-06,1055,368.4,6.41,2878.05
2018-09-07,1063.5,374.6,6.42,2871.68
2018-09-10,1043.5,379,6.45,2877.13
2018-09-11,1060,380.3,6.44,2887.89
2018-09-12,1085,387.1,6.44,2888.92
2018-09-13,1079,398.2,6.42,2904.18
2018-09-14,1090.5,402.3,6.38,2904.98
2018-09-17,1062.5,389.8,6.39,2888.8
2018-09-18,1044.5,381.9,6.38,2904.31
2018-09-19,1017,383.1,6.39,2907.95
2018-09-20,1048.5,384.1,6.34,2930.75
2018-09-21,1050,381.2,6.34,2929.67
2018-09-24,1040,387.4,6.34,2919.37
2018-09-25,1063.5,384.5,6.33,2915.56
2018-09-26,1072,388.9,6.35,2905.97
2018-09-27,1022.5,388.9,6.37,2914
2018-09-28,1010,396.7,6.44,2913.98
2018-10-01,1025.5,396.8,6.42,2924.59
2018-10-02,1020.5,394.1,6.46,2923.43
2018-10-03,1009.5,406.3,6.46,2925.51
2018-10-04,986.2,396.3,6.48,2901.61
2018-10-05,986.8,394.7,6.48,2885.57
2018-10-08,975,392.5,6.5,2884.43
2018-10-09,960,383.9,6.52,2880.34
2018-10-10,906.4,377.8,6.49,2785.68
2018-10-11,894.4,375.3,6.45,2728.37
2018-10-12,922.2,387,6.45,2767.13
2018-10-15,907.8,387.7,6.44,2750.79
2018-10-16,888.6,403.7,6.44,2809.92
2018-10-17,893.6,404.5,6.47,2809.21
2018-10-18,935.6,415.3,6.48,2768.78
2018-10-19,922.4,408.7,6.5,2767.78
2018-10-22,906,408.7,6.49,2755.88
2018-10-23,865.6,394.4,6.5,2740.69
2018-10-24,821.8,408.9,6.55,2656.1
2018-10-25,792.4,300,6.54,2705.57
2018-10-26,808.8,294.7,6.58,2658.69
2018-10-29,854.8,300.3,6.56,2641.25
2018-10-30,906.4,299.5,6.56,2682.63
2018-10-31,902.4,307.6,6.59,2711.74
2018-11-01,948,319.4,6.55,2740.37
2018-11-02,972,303.5,6.53,2723.06
2018-11-05,971.4,305.5,6.56,2738.31
2018-11-06,973,301.3,6.53,2755.45
2018-11-07,996,289.8,6.49,2813.89
2018-11-08,1002.5,285.6,6.53,2806.83
2018-11-09,992.4,285.2,6.57,2781.01
2018-11-12,959.2,289.1,6.62,2726.22
2018-11-13,935,287,6.63,2722.18
2018-11-14,924,289.7,6.61,2701.58
2018-11-15,904.4,281.2,6.6,2730.2
2018-11-16,918.2,281.8,6.58,2736.27
2018-11-19,928,276.9,6.53,2690.73
2018-11-20,970,263.6,6.53,2641.89
2018-11-21,930,261.5,6.54,2649.93
2018-11-22,957,258.6,6.54,2641.245
2018-11-23,987.2,257,6.57,2632.56
2018-11-26,1004,263.6,6.57,2673.45
2018-11-27,983.6,263,6.59,2682.17
2018-11-28,992.2,260,6.61,2743.79
2018-11-29,1005,265.5,6.55,2737.8
2018-11-30,1003,270.7,6.57,2760.17
2018-12-03,1009,266.9,6.59,2790.37
2018-12-04,1013,268.6,6.54,2700.06
2018-12-05,1013,264.6,6.57,2698.005
2018-12-06,1005.5,262.1,6.58,2695.95
2018-12-07,997.8,264.8,6.56,2633.08
2018-12-10,1025,266.8,6.53,2637.72
2018-12-11,1024,277,6.56,2636.78
2018-12-12,1056.5,275.9,6.58,2651.07
2018-12-13,1067.5,283.6,6.56,2650.54
2018-12-14,1068.5,286.5,6.62,2599.95
2018-12-17,1067,289.4,6.58,2545.94
2018-12-18,1038.5,294.1,6.56,2546.16
2018-12-19,1060,292,6.55,2506.96
2018-12-20,1064,291,6.52,2467.42
2018-12-21,1070.5,288.7,6.54,2416.62
2018-12-27,1049,277.8,6.56,2488.83
2018-12-28,1067.5,285.4,6.52,2485.74
2019-01-02,1024.5,283.1,6.55,2510.03
2019-01-03,1023,283.2,6.58,2447.89
2019-01-04,1066,293.4,6.55,2531.94
2019-01-07,1094.5,287.3,6.52,2549.69
2019-01-08,1100.5,299.9,6.53,2574.41
2019-01-09,1112,298.6,6.52,2584.96
2019-01-10,1084.5,294.2,6.47,2596.64
2019-01-11,1071.5,293.2,6.47,2596.26
2019-01-14,1041.5,291.3,6.51,2582.61
2019-01-15,1033.5,294.2,6.53,2610.3
2019-01-16,1037,298.4,6.55,2616.1
2019-01-17,1049,286,6.55,2635.96
2019-01-18,1018.5,287,6.55,2670.71
2019-01-21,1034.5,290.6,6.57,2651.805
2019-01-22,999.2,294.1,6.58,2632.9
2019-01-23,985,289.3,6.57,2638.7
2019-01-24,966,287.1,6.58,2642.33
2019-01-25,950.6,281.2,6.58,2664.76
2019-01-28,974.2,278.2,6.54,2643.85
2019-01-29,960,286.8,6.54,2640
2019-01-30,954.8,286.1,6.53,2681.05
2019-01-31,947.2,285.7,6.5,2704.1
2019-02-01,958.8,282.4,6.51,2706.53
2019-02-04,956.2,286.4,6.52,2724.87
2019-02-05,973,291.4,6.54,2737.7
2019-02-06,957.4,282.5,6.55,2731.61
2019-02-07,954.8,286.3,6.58,2706.05
2019-02-08,961.4,288,6.58,2707.88
2019-02-11,967.4,289.7,6.6,2709.8
2019-02-12,976.2,287.7,6.61,2744.73
2019-02-13,997.6,287.4,6.6,2753.03
2019-02-14,1006,283,6.62,2745.73
2019-02-15,1014,282.8,6.63,2775.6
2019-02-18,1011,286.8,6.59,2777.68
2019-02-19,990,290.4,6.61,2779.76
2019-02-20,1008,292.9,6.58,2784.7
2019-02-21,1077.5,291.1,6.57,2774.88
2019-02-22,1069,298.4,6.59,2792.67
2019-02-25,1101,298.7,6.57,2796.11
2019-02-26,1140,305.2,6.57,2793.9
2019-02-27,1126,302.2,6.55,2792.38
2019-02-28,1133.5,300,6.54,2784.49
2019-03-01,1161,299.7,6.55,2803.69
2019-03-04,1180,297.1,6.58,2792.81
2019-03-05,1178,305.2,6.59,2789.65
2019-03-06,1166.5,300.2,6.6,2771.45
2019-03-07,1154,302.3,6.62,2748.93
2019-03-08,1142,301.6,6.65,2743.07
2019-03-11,1141.5,293.3,6.64,2783.3
2019-03-12,1135.5,294.3,6.62,2791.52
2019-03-13,1135.5,296.1,6.6,2810.92
2019-03-14,1140.5,296.9,6.61,2808.48
2019-03-15,1122.5,295.8,6.6,2822.48
2019-03-18,1116,292.7,6.58,2832.94
2019-03-19,1117.5,300.3,6.57,2832.57
2019-03-20,1158.5,297.5,6.57,2824.23
2019-03-21,1153.5,302.3,6.55,2854.88
2019-03-22,1153,298.9,6.6,2800.71
2019-03-25,1148,293.4,6.59,2798.36
2019-03-26,1172,294.5,6.61,2818.46
2019-03-27,1154,284.3,6.63,2805.37
2019-03-28,1165.5,285.3,6.66,2815.44
2019-03-29,1155,288,6.64,2834.4
2019-04-01,1183.5,300.3,6.64,2867.19
2019-04-02,1183,306.9,6.66,2867.24
2019-04-03,1175.5,306.1,6.64,2873.4
2019-04-04,1172.5,298.9,6.65,2879.39
2019-04-05,1190,299.3,6.65,2892.74
2019-04-08,1176.5,294.5,6.64,2895.77
2019-04-09,1161,294.3,6.62,2878.2
2019-04-10,1179.5,290.9,6.62,2888.21
2019-04-11,1162.5,290,6.63,2888.32
2019-04-12,1159,286.5,6.59,2907.41
2019-04-15,1149,285.7,6.6,2905.58
2019-04-16,1127,281.3,6.6,2907.06
2019-04-17,1122,277.2,6.61,2900.45
2019-04-23,1123.5,276.3,6.64,2933.68
2019-04-24,1119,278.4,6.66,2927.25
2019-04-25,1105,278.4,6.71,2926.17
2019-04-26,1131,282.2,6.71,2939.88
2019-04-29,1131,281.4,6.7,2943.03
2019-04-30,1105,280,6.65,2945.83
2019-05-01,1101,281.5,6.655,2923.73
2019-05-02,1095,285.3,6.66,2917.52
2019-05-03,1110.5,286.9,6.69,2945.64
2019-05-06,1104,291.5,6.67,2932.47
2019-05-07,1098.5,290.3,6.67,2884.05
2019-05-08,1118,277,6.66,2879.42
2019-05-09,1088,274,6.67,2870.72
2019-05-10,1090,271,6.65,2881.4
2019-05-13,1085.5,266.1,6.64,2811.87
2019-05-14,1115,267.6,6.65,2834.41
2019-05-15,1107.5,266.3,6.68,2850.96
2019-05-16,1150.5,267.9,6.67,2876.32
2019-05-20,1154,269,6.69,2840.23
2019-05-21,1198.5,274,6.69,2864.36
2019-05-22,1203,275.4,6.69,2856.27
2019-05-23,1199.5,269.5,6.7,2822.24
2019-05-24,1223.5,271,6.68,2826.06
2019-05-27,1197,270.7,6.67,2814.225
2019-05-28,1216.5,277.4,6.67,2802.39
2019-05-29,1147.5,268.4,6.69,2783.02
2019-06-03,1168,260.8,6.68,2744.45
2019-06-04,1135,263.2,6.64,2803.27
2019-06-06,1147.5,256.5,6.63,2843.49
2019-06-07,1176,256.6,6.62,2873.34
2019-06-11,1207,259.2,6.6,2885.72
2019-06-12,1206.5,260.9,6.6,2879.84
2019-06-13,1195,257.9,6.62,2891.64
2019-06-14,1179,253.9,6.63,2886.98
2019-06-17,1188.5,256.5,6.65,2889.67
2019-06-18,1211.5,260.6,6.67,2917.75
2019-06-19,1222.5,261.8,6.66,2926.46
2019-06-20,1210.5,259.2,6.6,2954.18
2019-06-21,1201,256.8,6.6,2950.46
2019-06-24,1201,252.6,6.55,2945.35
2019-06-25,1188.5,252.1,6.56,2917.38
2019-06-26,1168,249.5,6.57,2913.78
2019-06-27,1148.5,255,6.56,2924.92
2019-06-28,1207,259.3,6.56,2941.76
2019-07-01,1209,266.6,6.58,2964.33
2019-07-02,1200,266.8,6.6,2973.01
2019-07-03,1227,269.1,6.61,2995.82
2019-07-04,1216,269.8,6.61,2993.115
2019-07-05,1200.5,269.7,6.63,2990.41
2019-07-08,1183,258.8,6.65,2975.95
2019-07-09,1191.5,259,6.66,2979.63
2019-07-10,1194.5,255.6,6.65,2993.07
2019-07-11,1198.5,255.5,6.62,2999.91
2019-07-12,1171,253.6,6.64,3013.77
2019-07-15,1188.5,257.7,6.63,3014.3
2019-07-16,1219.5,260,6.65,3004.04
2019-07-17,1216,259.7,6.66,2984.42
2019-07-18,1227,259.4,6.66,2995.11
2019-07-19,1219.5,251.8,6.65,2976.61
2019-07-22,1221,256.2,6.66,2985.03
2019-07-23,1217,260.6,6.68,3005.47
2019-07-24,1238.5,260.9,6.7,3019.56
2019-07-25,1238,258.9,6.72,3003.67
2019-07-26,1249.5,260.6,6.7,3025.86
2019-07-29,1265,261.5,6.72,3020.97
2019-07-30,1245,257.1,6.69,3013.18
2019-07-31,1252,261.4,6.7,2980.38
2019-08-01,1256.5,263.8,6.76,2953.56
2019-08-02,1235,263,6.72,2932.05
2019-08-05,1217,257,6.68,2844.74
2019-08-06,1227.5,259.6,6.67,2881.77
2019-08-07,1227.5,267,6.66,2883.98
2019-08-08,1269,273.6,6.67,2938.09
2019-08-09,1270,265.5,6.66,2918.65
2019-08-12,1275.5,260.8,6.67,2882.7
2019-08-13,1319,261,6.65,2926.32
2019-08-14,1306,257.7,6.67,2840.6
2019-08-15,1345.5,268.5,6.69,2847.6
2019-08-16,1351,269.4,6.73,2888.68
2019-08-19,1373,266,6.72,2923.65
2019-08-20,1366.5,258.5,6.73,2900.51
2019-08-21,1376,245.1,6.72,2924.43
2019-08-22,1378.5,239.8,6.73,2922.95
2019-08-23,1376,242.5,6.74,2847.11
2019-08-26,1364.5,236.2,6.71,2878.38
2019-08-27,1372.5,245,6.72,2869.16
2019-08-28,1363,245.5,6.73,2887.94
2019-08-29,1359.5,245.3,6.74,2924.58
2019-08-30,1384.5,247,6.76,2926.46
2019-09-02,1394.5,247.2,6.8,2916.365
2019-09-03,1435,247.4,6.82,2906.27
2019-09-04,1440,245.5,6.77,2937.78
2019-09-05,1430,246.5,6.75,2976
2019-09-06,1409.5,243.6,6.77,2978.71
2019-09-09,1391.5,232.6,6.76,2978.43
2019-09-10,1328,233.5,6.76,2979.39
2019-09-11,1349.5,246.3,6.78,3000.93
2019-09-12,1375,242,6.81,3009.57
2019-09-13,1365.5,236.5,6.73,3007.39
2019-09-16,1377.5,235.1,6.77,2997.96
2019-09-17,1363.5,229.5,6.77,3005.7
2019-09-18,1390,229.2,6.76,3006.73
2019-09-19,1382.5,235.5,6.75,3006.79
2019-09-20,1402,244,6.77,2992.07
2019-09-23,1405,240.3,6.8,2991.78
2019-09-24,1415.5,238.1,6.79,2966.6
2019-09-25,1405.5,232.2,6.8,2984.87
2019-09-26,1417.5,228.8,6.82,2977.62
2019-09-27,1400,227,6.83,2961.79
2019-09-30,1390.5,227.2,6.86,2976.74
2019-10-01,1384.5,223.9,6.85,2940.25
2019-10-02,1307,217.2,6.83,2887.61
2019-10-03,1323.5,218.5,6.82,2910.63
2019-10-04,1331,220.4,6.8,2952.01
2019-10-07,1343,223.7,6.79,2938.79
2019-10-08,1336.5,223.3,6.8,2893.06
2019-10-09,1348.5,223.4,6.8,2919.4
2019-10-10,1322.5,224.4,6.77,2938.13
2019-10-11,1334.5,223,6.76,2970.27
2019-10-14,1346,224.6,6.77,2966.15
2019-10-15,1390.5,225.8,6.79,2995.68
2019-10-16,1391.5,224,6.78,2989.69
2019-10-17,1410,227,6.72,2997.95
2019-10-18,1409.5,221.8,6.7,2986.2
2019-10-21,1386,224,6.69,3006.72
2019-10-22,1430,225.7,6.71,2995.99
2019-10-23,1406.5,222.6,6.72,3004.52
2019-10-24,1420,222.2,6.71,3010.29
2019-10-25,1424,225.7,6.73,3022.55
2019-10-28,1435,227.2,6.74,3039.42
2019-10-29,1439,235,6.73,3036.89
2019-10-30,1455,230.6,6.73,3046.77
2019-10-31,1460,228.5,6.7,3037.56
2019-11-01,1481.5,232,6.71,3066.91
2019-11-04,1481,234.5,6.7,3078.27
2019-11-05,1457,236.9,6.73,3074.62
2019-11-06,1461.5,236,6.74,3076.78
2019-11-07,1500,244.6,6.75,3085.18
2019-11-08,1498,242.5,6.77,3093.08
2019-11-11,1504,247,6.77,3087.01
2019-11-12,1491.5,244,6.78,3091.84
2019-11-13,1508,240.7,6.79,3094.04
2019-11-14,1490.5,237,6.79,3096.63
2019-11-15,1506.5,236,6.77,3120.46
2019-11-18,1530,237.7,6.76,3122.03
2019-11-19,1508.5,241.2,6.75,3120.18
2019-11-20,1512.5,245.2,6.76,3108.46
2019-11-21,1516,249.8,6.74,3103.54
2019-11-22,1528.5,253.6,6.76,3110.29
2019-11-25,1565.5,258.5,6.79,3133.64
2019-11-26,1595.5,260.3,6.78,3140.52
2019-11-27,1590,263.1,6.79,3153.63
2019-11-28,1581,262,6.79,3147.305
2019-11-29,1580,259.8,6.8,3140.98
2019-12-02,1579,258.6,6.78,3113.87
2019-12-03,1594,255.3,6.75,3093.2
2019-12-04,1620,256.9,6.74,3112.76
2019-12-05,1615,257.2,6.73,3117.43
2019-12-06,1615,259.5,6.74,3145.91
2019-12-09,1582,256.1,6.75,3135.96
2019-12-10,1577.5,255,6.75,3132.52
2019-12-11,1545,249.9,6.75,3141.63
2019-12-12,1474.5,255.3,6.71,3168.57
2019-12-13,1469,261.5,6.69,3168.8
2019-12-16,1503,264.4,6.7,3191.45
2019-12-17,1490.5,258.9,6.7,3192.52
2019-12-18,1459.5,259.9,6.72,3191.14
2019-12-19,1466.5,257.6,6.72,3205.37
2019-12-20,1460.5,259.3,6.73,3221.22
2019-12-23,1464.5,259.3,6.75,3224.01
2019-12-27,1488,261.1,6.7,3240.02
