"Date","JyskeBank","SP500"
2010-01-04,205,1132.99
2010-01-05,204.1,1136.52
2010-01-06,203.4,1137.14
2010-01-07,210.4,1141.69
2010-01-08,210.7,1144.98
2010-01-11,210,1146.98
2010-01-12,209.1,1136.22
2010-01-13,207.8,1145.68
2010-01-14,213.3,1148.46
2010-01-15,211.5,1136.03
2010-01-18,208.4,1143.13
2010-01-19,204.5,1150.23
2010-01-20,200.9,1138.04
2010-01-21,196,1116.48
2010-01-22,198,1091.76
2010-01-25,197.9,1096.78
2010-01-26,199.4,1092.17
2010-01-27,199.5,1097.5
2010-01-28,199.9,1084.53
2010-01-29,200.6,1073.87
2010-02-01,208.9,1089.19
2010-02-02,216,1103.32
2010-02-03,209.8,1097.28
2010-02-04,206.6,1063.11
2010-02-05,203.9,1066.19
2010-02-08,199.3,1056.74
2010-02-09,197.8,1070.52
2010-02-10,195.6,1068.13
2010-02-11,189.3,1078.47
2010-02-12,192.6,1075.51
2010-02-15,192.4,1085.19
2010-02-16,193,1094.87
2010-02-17,193,1099.51
2010-02-18,195.5,1106.75
2010-02-19,198.6,1109.17
2010-02-22,201.8,1108.01
2010-02-23,193.5,1094.6
2010-02-24,191,1105.24
2010-02-25,188,1102.94
2010-02-26,190.3,1104.49
2010-03-01,191,1115.71
2010-03-02,189.5,1118.31
2010-03-03,191.1,1118.79
2010-03-04,191,1122.97
2010-03-05,193.5,1138.7
2010-03-08,193.8,1138.5
2010-03-09,192.7,1140.45
2010-03-10,194.3,1145.61
2010-03-11,193,1150.24
2010-03-12,193.1,1149.99
2010-03-15,192.9,1150.51
2010-03-16,195.5,1159.46
2010-03-17,195,1166.21
2010-03-18,194.2,1165.83
2010-03-19,193.1,1159.9
2010-03-22,193.5,1165.81
2010-03-23,194.2,1174.17
2010-03-24,195,1167.72
2010-03-25,197.8,1165.73
2010-03-26,197.2,1166.59
2010-03-29,195,1173.22
2010-03-30,194.2,1173.27
2010-03-31,195.8,1169.43
2010-04-06,197.5,1189.44
2010-04-07,200.9,1182.45
2010-04-08,200.4,1186.44
2010-04-09,201,1194.37
2010-04-12,201.6,1196.48
2010-04-13,198.9,1197.3
2010-04-14,203.2,1210.65
2010-04-15,204.9,1211.67
2010-04-16,204,1192.13
2010-04-19,200,1197.52
2010-04-20,203.5,1207.17
2010-04-22,211.3,1208.67
2010-04-23,216.6,1217.28
2010-04-26,219,1212.05
2010-04-27,219,1183.71
2010-04-28,219.7,1191.36
2010-04-29,226.2,1206.78
2010-05-03,227.8,1202.26
2010-05-04,209.6,1173.6
2010-05-05,197,1165.87
2010-05-06,189,1128.15
2010-05-07,183,1110.88
2010-05-10,204.5,1159.73
2010-05-11,199.1,1155.79
2010-05-12,198,1171.67
2010-05-14,198,1135.68
2010-05-17,198.4,1136.94
2010-05-18,203,1120.8
2010-05-19,198,1115.05
2010-05-20,196.8,1071.59
2010-05-21,203,1087.69
2010-05-25,197,1074.03
2010-05-26,195,1067.95
2010-05-27,191.9,1103.06
2010-05-28,187.6,1089.41
2010-05-31,193.8,1080.06
2010-06-01,192.5,1070.71
2010-06-02,190.1,1098.38
2010-06-03,190.7,1102.83
2010-06-04,188.6,1064.88
2010-06-07,189.1,1050.47
2010-06-08,186.4,1062
2010-06-09,185.1,1055.69
2010-06-10,187.9,1086.84
2010-06-11,186.5,1091.6
2010-06-14,190.4,1089.63
2010-06-15,190.9,1115.23
2010-06-16,193,1114.61
2010-06-17,190,1116.04
2010-06-18,193.5,1117.51
2010-06-21,195.3,1113.2
2010-06-22,192.2,1095.31
2010-06-23,192,1092.04
2010-06-24,186.7,1073.69
2010-06-25,183.9,1076.76
2010-06-28,182,1074.57
2010-06-29,175.9,1041.24
2010-06-30,177.8,1030.71
2010-07-01,177.4,1027.37
2010-07-02,178.5,1022.58
2010-07-05,175.4,1025.32
2010-07-06,183.9,1028.06
2010-07-07,187.9,1060.27
2010-07-08,190,1070.25
2010-07-09,189.6,1077.96
2010-07-12,190.5,1078.75
2010-07-13,192,1095.34
2010-07-14,189,1095.17
2010-07-15,189,1096.48
2010-07-16,184.7,1064.88
2010-07-19,180.8,1071.25
2010-07-20,179.3,1083.48
2010-07-21,181,1069.59
2010-07-22,185,1093.67
2010-07-23,186.5,1102.66
2010-07-26,189.1,1115.01
2010-07-27,194.5,1113.84
2010-07-28,196,1106.13
2010-07-29,197.6,1101.53
2010-07-30,199.4,1101.6
2010-08-02,203.7,1125.86
2010-08-03,207.7,1120.46
2010-08-04,205.1,1127.24
2010-08-05,205.8,1125.81
2010-08-06,204.3,1121.64
2010-08-09,205.3,1127.79
2010-08-10,202,1121.06
2010-08-11,196,1089.47
2010-08-12,194.2,1083.61
2010-08-13,194.7,1079.25
2010-08-16,195.5,1079.38
2010-08-17,197.8,1092.54
2010-08-18,193.9,1094.16
2010-08-19,192.8,1075.63
2010-08-20,187,1071.69
2010-08-23,191,1067.36
2010-08-24,186.5,1051.87
2010-08-25,191.1,1055.33
2010-08-26,189,1047.22
2010-08-27,196.3,1064.59
2010-08-30,191,1048.92
2010-08-31,193.5,1049.33
2010-09-01,197,1080.29
2010-09-02,198,1090.1
2010-09-03,205,1104.51
2010-09-06,206,1098.175
2010-09-07,203,1091.84
2010-09-08,204.2,1098.87
2010-09-09,205.5,1104.18
2010-09-10,205.9,1109.55
2010-09-13,210,1121.9
2010-09-14,209.4,1121.1
2010-09-15,211.5,1125.07
2010-09-16,210.4,1124.66
2010-09-17,214,1125.59
2010-09-20,215,1142.71
2010-09-21,218,1139.78
2010-09-22,216.5,1134.28
2010-09-23,214,1124.83
2010-09-24,217,1148.67
2010-09-27,216.5,1142.16
2010-09-28,212,1147.7
2010-09-29,211.8,1144.73
2010-09-30,213.2,1141.2
2010-10-01,213,1146.24
2010-10-04,212.2,1137.03
2010-10-05,214.4,1160.75
2010-10-06,220.1,1159.97
2010-10-07,220.7,1158.06
2010-10-08,223.3,1165.15
2010-10-11,221.9,1165.32
2010-10-12,225.1,1169.77
2010-10-13,233.5,1178.1
2010-10-14,234.9,1173.81
2010-10-15,233,1176.19
2010-10-18,233.7,1184.71
2010-10-19,239,1165.9
2010-10-20,239.7,1178.17
2010-10-21,240,1180.26
2010-10-22,239.7,1183.08
2010-10-25,241.9,1185.62
2010-10-26,241.7,1185.64
2010-10-27,243.4,1182.45
2010-10-28,239.8,1183.78
2010-10-29,240,1183.26
2010-11-01,239.7,1184.38
2010-11-02,237.5,1193.57
2010-11-03,232,1197.96
2010-11-04,238.3,1221.06
2010-11-05,240.7,1225.85
2010-11-08,236.7,1223.25
2010-11-09,240.9,1213.4
2010-11-10,239.1,1218.71
2010-11-11,239.1,1213.54
2010-11-12,237.8,1199.21
2010-11-15,250,1197.75
2010-11-16,241,1178.34
2010-11-17,234.8,1178.59
2010-11-18,239.7,1196.69
2010-11-19,236.7,1199.73
2010-11-22,234,1197.84
2010-11-23,231,1180.73
2010-11-24,231,1198.35
2010-11-25,227.6,1193.875
2010-11-26,227.7,1189.4
2010-11-29,228,1187.76
2010-11-30,234.1,1180.55
2010-12-01,242,1206.07
2010-12-02,254.6,1221.53
2010-12-03,251.3,1224.71
2010-12-06,251.9,1223.12
2010-12-07,254,1223.75
2010-12-08,252,1228.28
2010-12-09,251,1233
2010-12-10,251,1240.4
2010-12-13,252.9,1240.46
2010-12-14,251.1,1241.59
2010-12-15,249,1235.23
2010-12-16,239.7,1242.87
2010-12-17,246.9,1243.91
2010-12-20,241.6,1247.08
2010-12-21,240.9,1254.6
2010-12-22,241,1258.84
2010-12-23,244.5,1256.77
2010-12-27,243,1257.54
2010-12-28,243,1258.51
2010-12-29,243.5,1259.78
2010-12-30,259,1257.88
2011-01-03,251.5,1271.87
2011-01-04,250,1270.2
2011-01-05,246,1276.56
2011-01-06,245.5,1273.85
2011-01-07,244.8,1271.5
2011-01-10,241,1269.75
2011-01-11,243.3,1274.48
2011-01-12,242.5,1285.96
2011-01-13,242.5,1283.76
2011-01-14,242,1293.24
2011-01-17,241,1294.13
2011-01-18,242,1295.02
2011-01-19,246.5,1281.92
2011-01-20,242.5,1280.26
2011-01-21,244.9,1283.35
2011-01-24,242.5,1290.84
2011-01-25,241.5,1291.18
2011-01-26,240.7,1296.63
2011-01-27,244,1299.54
2011-01-28,245.7,1276.34
2011-01-31,244.5,1286.12
2011-02-01,246,1307.59
2011-02-02,244,1304.03
2011-02-03,243,1307.1
2011-02-04,247,1310.87
2011-02-07,248,1319.05
2011-02-08,249.7,1324.57
2011-02-09,248,1320.88
2011-02-10,241.5,1321.87
2011-02-11,237.5,1329.15
2011-02-14,234,1332.32
2011-02-15,229,1328.01
2011-02-16,230,1336.32
2011-02-17,228,1340.43
2011-02-18,224.5,1343.01
2011-02-21,220.5,1329.225
2011-02-22,237,1315.44
2011-02-23,240,1307.4
2011-02-24,235.9,1306.1
2011-02-25,235,1319.88
2011-02-28,233,1327.22
2011-03-01,232,1306.33
2011-03-02,228.6,1308.44
2011-03-03,227.6,1330.97
2011-03-04,227,1321.15
2011-03-07,226.9,1310.13
2011-03-08,226.8,1321.82
2011-03-09,227.7,1320.02
2011-03-10,226.3,1295.11
2011-03-11,224.5,1304.28
2011-03-14,221,1296.39
2011-03-15,219,1281.87
2011-03-16,215.5,1256.88
2011-03-17,218,1273.72
2011-03-18,225,1279.21
2011-03-21,229.5,1298.38
2011-03-22,231,1293.77
2011-03-23,230.8,1297.54
2011-03-24,233.4,1309.66
2011-03-25,236.2,1313.8
2011-03-28,235.1,1310.19
2011-03-29,236.5,1319.44
2011-03-30,234,1328.26
2011-03-31,234.3,1325.83
2011-04-01,237.8,1332.41
2011-04-04,235.5,1332.87
2011-04-05,236,1332.63
2011-04-06,241.6,1335.54
2011-04-07,243.8,1333.51
2011-04-08,252,1328.17
2011-04-11,254,1324.46
2011-04-12,252.6,1314.16
2011-04-13,258.5,1314.41
2011-04-14,259,1314.52
2011-04-15,255.2,1319.68
2011-04-18,249.7,1305.14
2011-04-19,247.1,1312.62
2011-04-20,250.1,1330.36
2011-04-26,256.9,1347.24
2011-04-27,256.8,1355.66
2011-04-28,256.4,1360.48
2011-04-29,250.3,1363.61
2011-05-02,251,1361.22
2011-05-03,250.7,1356.62
2011-05-04,243.3,1347.32
2011-05-05,245,1335.1
2011-05-06,244.9,1340.2
2011-05-09,243.5,1346.29
2011-05-10,246,1357.16
2011-05-11,246.7,1342.08
2011-05-12,246.5,1348.65
2011-05-13,247.7,1337.77
2011-05-16,254,1329.47
2011-05-17,249.9,1328.98
2011-05-18,250.3,1340.68
2011-05-19,251.7,1343.6
2011-05-23,247.3,1317.37
2011-05-24,248,1316.28
2011-05-25,247.4,1320.47
2011-05-26,241.8,1325.69
2011-05-27,246,1331.1
2011-05-30,243.5,1338.15
2011-05-31,242,1345.2
2011-06-01,240.9,1314.55
2011-06-06,237.1,1286.17
2011-06-07,232.2,1284.94
2011-06-08,231.9,1279.56
2011-06-09,230,1289
2011-06-10,226.4,1270.98
2011-06-14,224.6,1287.87
2011-06-15,220.3,1265.42
2011-06-16,215.2,1267.64
2011-06-17,216.5,1271.5
2011-06-20,209.9,1278.36
2011-06-21,211.9,1295.52
2011-06-22,210.4,1287.14
2011-06-23,202.7,1283.5
2011-06-24,197.6,1268.45
2011-06-27,191.5,1280.1
2011-06-28,191.9,1296.67
2011-06-29,196.2,1307.41
2011-06-30,203.1,1320.64
2011-07-01,215.7,1339.67
2011-07-04,216.7,1338.775
2011-07-05,216.9,1337.88
2011-07-06,215.6,1339.22
2011-07-07,217.1,1353.22
2011-07-08,214,1343.8
2011-07-11,209.3,1319.49
2011-07-12,204.7,1313.64
2011-07-13,207.8,1317.72
2011-07-14,202.8,1308.87
2011-07-15,201.8,1316.14
2011-07-18,194.5,1305.44
2011-07-19,199.5,1326.73
2011-07-20,206.2,1325.84
2011-07-21,219.6,1343.8
2011-07-22,215.1,1345.02
2011-07-25,211.6,1337.43
2011-07-26,209,1331.94
2011-07-27,205.7,1304.89
2011-07-28,207.1,1300.67
2011-07-29,206.9,1292.28
2011-08-01,204,1286.94
2011-08-02,193.9,1254.05
2011-08-03,188.3,1260.34
2011-08-04,182.4,1200.07
2011-08-05,181.8,1199.38
2011-08-08,173.6,1119.46
2011-08-09,174.5,1172.53
2011-08-10,170,1120.76
2011-08-11,174.6,1172.64
2011-08-12,180.3,1178.81
2011-08-15,180.2,1204.49
2011-08-16,173,1192.76
2011-08-17,169.3,1193.89
2011-08-18,159.1,1140.65
2011-08-19,157.8,1123.53
2011-08-22,145.8,1123.82
2011-08-23,145.7,1162.35
2011-08-24,141.6,1177.6
2011-08-25,148,1159.27
2011-08-26,146,1176.8
2011-08-29,153.6,1210.08
2011-08-30,155.5,1212.92
2011-08-31,159,1218.89
2011-09-01,158.4,1204.42
2011-09-02,153.8,1173.97
2011-09-05,141.4,1169.605
2011-09-06,136.5,1165.24
2011-09-07,141,1198.62
2011-09-08,141.5,1185.9
2011-09-09,136.9,1154.23
2011-09-12,132,1162.27
2011-09-13,135.4,1172.87
2011-09-14,131.3,1188.68
2011-09-15,143.5,1209.11
2011-09-16,153.8,1216.01
2011-09-19,146.1,1204.09
2011-09-20,142.8,1202.09
2011-09-21,144.2,1166.76
2011-09-22,143.7,1129.56
2011-09-23,148,1136.43
2011-09-26,152,1162.95
2011-09-27,160.7,1175.38
2011-09-28,164,1151.06
2011-09-29,164,1160.4
2011-09-30,165.7,1131.42
2011-10-03,165.7,1099.23
2011-10-04,162.9,1123.95
2011-10-05,168.5,1144.03
2011-10-06,165.1,1164.97
2011-10-07,171,1155.46
2011-10-10,184,1194.89
2011-10-11,177.5,1195.54
2011-10-12,177.2,1207.25
2011-10-13,170.6,1203.66
2011-10-14,170.7,1224.58
2011-10-17,163.5,1200.86
2011-10-18,162.9,1225.38
2011-10-19,161.5,1209.88
2011-10-20,158.5,1215.39
2011-10-21,157,1238.25
2011-10-24,153.4,1254.19
2011-10-25,148.9,1229.05
2011-10-26,148,1242
2011-10-27,155.3,1284.59
2011-10-28,159.1,1285.09
2011-10-31,157.4,1253.3
2011-11-01,145.8,1218.28
2011-11-02,145,1237.9
2011-11-03,148,1261.15
2011-11-04,147.3,1253.23
2011-11-07,147.7,1261.12
2011-11-08,151.4,1275.92
2011-11-09,147.2,1229.1
2011-11-10,145.5,1239.7
2011-11-11,147,1263.85
2011-11-14,150,1251.78
2011-11-15,150,1257.81
2011-11-16,150.7,1236.91
2011-11-17,148.8,1216.13
2011-11-18,147.4,1215.65
2011-11-21,147.5,1192.98
2011-11-22,147,1188.04
2011-11-23,147.2,1161.79
2011-11-24,147.5,1160.23
2011-11-25,148.3,1158.67
2011-11-28,155.5,1192.55
2011-11-29,154.3,1195.19
2011-11-30,164,1246.96
2011-12-01,155.2,1244.58
2011-12-02,156.6,1244.28
2011-12-05,163.9,1257.08
2011-12-06,165,1258.47
2011-12-07,166,1261.01
2011-12-08,164.3,1234.35
2011-12-09,161.9,1255.19
2011-12-12,152,1236.47
2011-12-13,149.2,1225.73
2011-12-14,144.9,1211.82
2011-12-15,144.3,1215.75
2011-12-16,149,1219.66
2011-12-19,148.2,1205.35
2011-12-20,150,1241.3
2011-12-21,149.5,1243.72
2011-12-22,147.2,1254
2011-12-23,145.3,1265.33
2011-12-27,142.4,1265.43
2011-12-28,141.7,1249.64
2011-12-29,140.5,1263.02
2011-12-30,141,1257.6
2012-01-02,146,1267.33
2012-01-03,147.2,1277.06
2012-01-04,146.2,1277.3
2012-01-05,145.2,1281.06
2012-01-06,144,1277.81
2012-01-09,145.7,1280.7
2012-01-10,149.5,1292.08
2012-01-11,151,1292.48
2012-01-12,157,1295.5
2012-01-13,158.2,1289.09
2012-01-16,161.5,1291.38
2012-01-17,163.3,1293.67
2012-01-18,162.7,1308.04
2012-01-19,165,1314.5
2012-01-20,166.5,1315.38
2012-01-23,174.7,1316
2012-01-24,167.9,1314.65
2012-01-25,168.8,1326.06
2012-01-26,171.1,1318.43
2012-01-27,170.5,1316.33
2012-01-30,168,1313.01
2012-01-31,167.6,1312.41
2012-02-01,173.4,1324.09
2012-02-02,177,1325.54
2012-02-03,179.5,1344.9
2012-02-06,181.6,1344.33
2012-02-07,188,1347.05
2012-02-08,195,1349.96
2012-02-09,203.4,1351.95
2012-02-10,200,1342.64
2012-02-13,200,1351.77
2012-02-14,194.7,1350.5
2012-02-15,197,1343.23
2012-02-16,192.5,1358.04
2012-02-17,198.9,1361.23
2012-02-20,198,1361.72
2012-02-21,199.9,1362.21
2012-02-22,194.6,1357.66
2012-02-23,187.8,1363.46
2012-02-24,191.5,1365.74
2012-02-27,192.2,1367.59
2012-02-28,198.2,1372.18
2012-02-29,200.2,1365.68
2012-03-01,190,1374.09
2012-03-02,188,1369.63
2012-03-05,190.5,1364.33
2012-03-06,187.8,1343.36
2012-03-07,189.2,1352.63
2012-03-08,190.6,1365.91
2012-03-09,192.5,1370.87
2012-03-12,190.1,1371.09
2012-03-13,192.2,1395.95
2012-03-14,193,1394.28
2012-03-15,192,1402.6
2012-03-16,191.5,1404.17
2012-03-19,188,1409.75
2012-03-20,185.2,1405.52
2012-03-21,182.5,1402.89
2012-03-22,178,1392.78
2012-03-23,178.2,1397.11
2012-03-26,179,1416.51
2012-03-27,177.2,1412.52
2012-03-28,175.8,1405.54
2012-03-29,171,1403.28
2012-03-30,176.5,1408.47
2012-04-02,181,1419.04
2012-04-03,179.3,1413.38
2012-04-04,177.6,1398.96
2012-04-10,173,1358.59
2012-04-11,172,1368.71
2012-04-12,173,1387.57
2012-04-13,173.4,1370.26
2012-04-16,172,1369.57
2012-04-17,174.6,1390.78
2012-04-18,175.5,1385.14
2012-04-19,176.5,1376.92
2012-04-20,176.4,1378.53
2012-04-23,174,1366.94
2012-04-24,175.5,1371.97
2012-04-25,178,1390.69
2012-04-26,173.9,1399.98
2012-04-27,174.9,1403.36
2012-04-30,176,1397.91
2012-05-01,175.8,1405.82
2012-05-02,176,1402.31
2012-05-03,174.5,1391.57
2012-05-07,168.6,1369.58
2012-05-08,165.6,1363.72
2012-05-09,160.1,1354.58
2012-05-10,162,1357.99
2012-05-11,159.2,1353.39
2012-05-14,152,1338.35
2012-05-15,147.5,1330.66
2012-05-16,149,1324.8
2012-05-21,150.8,1315.99
2012-05-22,156.7,1316.63
2012-05-23,156,1318.86
2012-05-24,161.3,1320.68
2012-05-25,163.5,1317.82
2012-05-29,160.1,1332.42
2012-05-30,154.2,1313.32
2012-05-31,156,1310.33
2012-06-01,153.2,1278.04
2012-06-04,152,1278.18
2012-06-06,154.8,1315.13
2012-06-07,161,1314.99
2012-06-08,157,1325.66
2012-06-11,156.6,1308.93
2012-06-12,153.3,1324.18
2012-06-13,152.2,1314.88
2012-06-14,149.2,1329.1
2012-06-15,153.5,1342.84
2012-06-18,153.5,1344.78
2012-06-19,159.8,1357.98
2012-06-20,166.1,1355.69
2012-06-21,164,1325.51
2012-06-22,163.5,1335.02
2012-06-25,161,1313.72
2012-06-26,154.7,1319.99
2012-06-27,155.5,1331.85
2012-06-28,153.5,1329.04
2012-06-29,158,1362.16
2012-07-02,159.9,1365.51
2012-07-03,160.4,1374.02
2012-07-04,159.6,1370.8
2012-07-05,157.9,1367.58
2012-07-06,155.1,1354.68
2012-07-09,155.1,1352.46
2012-07-10,157,1341.47
2012-07-11,158.3,1341.45
2012-07-12,156.7,1334.76
2012-07-13,158.3,1356.78
2012-07-16,160,1353.64
2012-07-17,154.6,1363.67
2012-07-18,156.5,1372.78
2012-07-19,158.5,1376.51
2012-07-20,156.3,1362.66
2012-07-23,152.8,1350.52
2012-07-24,153.5,1338.31
2012-07-25,152.6,1337.89
2012-07-26,156.8,1360.02
2012-07-27,157.5,1385.97
2012-07-30,158.6,1385.3
2012-07-31,162.3,1379.32
2012-08-01,161.9,1375.32
2012-08-02,160.4,1365
2012-08-03,166.6,1390.99
2012-08-06,167.3,1394.23
2012-08-07,168,1401.35
2012-08-08,166,1402.22
2012-08-09,166.4,1402.8
2012-08-10,169,1405.87
2012-08-13,167.8,1404.11
2012-08-14,166.7,1403.93
2012-08-15,168.6,1405.53
2012-08-16,168.5,1415.51
2012-08-17,168.8,1418.16
2012-08-20,167,1418.13
2012-08-21,169.8,1413.17
2012-08-22,169.8,1413.49
2012-08-23,170.2,1402.08
2012-08-24,170,1411.13
2012-08-27,170,1410.44
2012-08-28,169,1409.3
2012-08-29,174.1,1410.49
2012-08-30,169.6,1399.48
2012-08-31,169.5,1406.58
2012-09-03,169.5,1405.76
2012-09-04,167.8,1404.94
2012-09-05,167.5,1403.44
2012-09-06,168.7,1432.12
2012-09-07,169.9,1437.92
2012-09-10,168.5,1429.08
2012-09-11,168,1433.56
2012-09-12,169.1,1436.56
2012-09-13,168.5,1459.99
2012-09-14,170.7,1465.77
2012-09-17,176.1,1461.19
2012-09-18,176,1459.32
2012-09-19,176,1461.05
2012-09-20,176.1,1460.26
2012-09-21,176.3,1460.15
2012-09-24,174.7,1456.89
2012-09-25,174.6,1441.59
2012-09-26,169.7,1433.32
2012-09-27,173.2,1447.15
2012-09-28,172.4,1440.67
2012-10-01,168.8,1444.49
2012-10-02,166.5,1445.75
2012-10-03,165.1,1450.99
2012-10-04,165.4,1461.4
2012-10-05,172,1460.93
2012-10-08,169.9,1455.88
2012-10-09,168.2,1441.48
2012-10-10,167,1432.56
2012-10-11,167.8,1432.84
2012-10-12,167,1428.59
2012-10-15,166.1,1440.13
2012-10-16,170,1454.92
2012-10-17,171.9,1460.91
2012-10-18,176.3,1457.34
2012-10-19,175.6,1433.19
2012-10-22,178,1433.82
2012-10-23,176.9,1413.11
2012-10-24,176,1408.75
2012-10-25,177,1412.97
2012-10-26,176.5,1411.94
2012-10-29,176,1412.01333333333
2012-10-30,175.8,1412.08666666667
2012-10-31,175.5,1412.16
2012-11-01,176.3,1427.59
2012-11-02,177.5,1414.2
2012-11-05,173.5,1417.26
2012-11-06,172.4,1428.39
2012-11-07,171.4,1394.53
2012-11-08,169.5,1377.51
2012-11-09,167.4,1379.85
2012-11-12,165,1380.03
2012-11-13,162.7,1374.53
2012-11-14,162.7,1355.49
2012-11-15,160.5,1353.33
2012-11-16,160.6,1359.88
2012-11-19,162.3,1386.89
2012-11-20,162,1387.81
2012-11-21,162,1391.03
2012-11-22,165.8,1400.09
2012-11-23,165,1409.15
2012-11-26,163.8,1406.29
2012-11-27,164.6,1398.94
2012-11-28,161.4,1409.93
2012-11-29,164.3,1415.95
2012-11-30,164,1416.18
2012-12-03,164.5,1409.46
2012-12-04,164.5,1407.05
2012-12-05,165,1409.28
2012-12-06,166.2,1413.94
2012-12-07,166.5,1418.07
2012-12-10,162.3,1418.55
2012-12-11,161.3,1427.84
2012-12-12,164.4,1428.48
2012-12-13,162.4,1419.45
2012-12-14,162.7,1413.58
2012-12-17,160.5,1430.36
2012-12-18,161.1,1446.79
2012-12-19,160.3,1435.81
2012-12-20,160.1,1443.69
2012-12-21,159.2,1430.15
2012-12-27,158.9,1418.1
2012-12-28,157.1,1402.43
2013-01-02,162.5,1462.42
2013-01-03,163.2,1459.37
2013-01-04,165.6,1466.47
2013-01-07,169.2,1461.89
2013-01-08,170,1457.15
2013-01-09,170,1461.02
2013-01-10,173.8,1472.12
2013-01-11,174.5,1472.05
2013-01-14,176.5,1470.68
2013-01-15,176.9,1472.34
2013-01-16,178.9,1472.63
2013-01-17,179.1,1480.94
2013-01-18,180.7,1485.98
2013-01-21,182.2,1489.27
2013-01-22,181,1492.56
2013-01-23,180,1494.81
2013-01-24,179.6,1494.82
2013-01-25,178.7,1502.96
2013-01-28,180.1,1500.18
2013-01-29,178.8,1507.84
2013-01-30,180.3,1501.96
2013-01-31,179,1498.11
2013-02-01,180.7,1513.17
2013-02-04,177.2,1495.71
2013-02-05,178.1,1511.29
2013-02-06,175,1512.12
2013-02-07,174,1509.39
2013-02-08,178.8,1517.93
2013-02-11,177.3,1517.01
2013-02-12,176.5,1519.43
2013-02-13,178,1520.33
2013-02-14,178.5,1521.38
2013-02-15,178.5,1519.79
2013-02-18,178.8,1525.365
2013-02-19,181.5,1530.94
2013-02-20,181.5,1511.95
2013-02-21,180,1502.42
2013-02-22,181.8,1515.6
2013-02-25,186,1487.85
2013-02-26,187.6,1496.94
2013-02-27,187,1515.99
2013-02-28,189.9,1514.68
2013-03-01,188.7,1518.2
2013-03-04,191.1,1525.2
2013-03-05,195.5,1539.79
2013-03-06,194.3,1541.46
2013-03-07,194.4,1544.26
2013-03-08,198.5,1551.18
2013-03-11,199.4,1556.22
2013-03-12,200.6,1552.48
2013-03-13,199,1554.52
2013-03-14,201.7,1563.23
2013-03-15,205.3,1560.7
2013-03-18,200.6,1552.1
2013-03-19,200.7,1548.34
2013-03-20,201.5,1558.71
2013-03-21,202.2,1545.8
2013-03-22,199.9,1556.89
2013-03-25,201,1551.69
2013-03-26,199.5,1563.77
2013-03-27,198,1562.85
2013-04-02,199.3,1570.25
2013-04-03,200,1553.69
2013-04-04,197,1559.98
2013-04-05,196.4,1553.28
2013-04-08,196.6,1563.07
2013-04-09,200.4,1568.61
2013-04-10,206.3,1587.73
2013-04-11,212.8,1593.37
2013-04-12,211.3,1588.85
2013-04-15,210.9,1552.36
2013-04-16,210.7,1574.57
2013-04-17,206.9,1552.01
2013-04-18,206.3,1541.61
2013-04-19,209.2,1555.25
2013-04-22,211.8,1562.5
2013-04-23,217.1,1578.78
2013-04-24,215.7,1578.79
2013-04-25,216.2,1585.16
2013-04-29,224.5,1593.61
2013-04-30,220.3,1597.57
2013-05-01,225.5,1582.7
2013-05-02,221,1597.59
2013-05-03,230.1,1614.42
2013-05-06,231.5,1617.5
2013-05-07,232.4,1625.96
2013-05-08,234.5,1632.69
2013-05-13,234.9,1633.77
2013-05-14,232,1650.34
2013-05-15,232,1658.78
2013-05-16,232.1,1650.47
2013-05-17,234.4,1667.47
2013-05-21,235.3,1669.16
2013-05-22,235.4,1655.35
2013-05-23,232.5,1650.51
2013-05-24,232,1649.6
2013-05-27,236,1654.83
2013-05-28,238.2,1660.06
2013-05-29,234.5,1648.36
2013-05-30,234.6,1654.41
2013-05-31,228.4,1630.74
2013-06-03,228.9,1640.42
2013-06-04,227,1631.38
2013-06-06,221.9,1622.56
2013-06-07,225.3,1643.38
2013-06-10,225.5,1642.81
2013-06-11,217.8,1626.13
2013-06-12,216.7,1612.52
2013-06-13,218.3,1636.36
2013-06-14,219.6,1626.73
2013-06-17,221,1639.04
2013-06-18,220.2,1651.81
2013-06-19,218,1628.93
2013-06-20,212.9,1588.19
2013-06-21,212,1592.43
2013-06-24,210.6,1573.09
2013-06-25,212.5,1588.03
2013-06-26,216,1603.26
2013-06-27,216,1613.2
2013-06-28,216,1606.28
2013-07-01,215.5,1614.96
2013-07-02,216.3,1614.08
2013-07-03,213.6,1615.41
2013-07-04,221.8,1623.65
2013-07-05,222,1631.89
2013-07-08,230.3,1640.46
2013-07-09,232.5,1652.32
2013-07-10,232.9,1652.62
2013-07-11,233,1675.02
2013-07-12,233.5,1680.19
2013-07-15,237.4,1682.5
2013-07-16,234.2,1676.26
2013-07-17,236.3,1680.91
2013-07-18,240.1,1689.37
2013-07-19,239.4,1692.09
2013-07-22,240.2,1695.53
2013-07-23,243,1692.39
2013-07-24,244,1685.94
2013-07-25,243.3,1690.25
2013-07-26,240.2,1691.65
2013-07-29,242.5,1685.33
2013-07-30,245.1,1685.96
2013-07-31,245.8,1685.73
2013-08-01,252,1706.87
2013-08-02,255.5,1709.67
2013-08-05,253.9,1707.14
2013-08-06,250.1,1697.37
2013-08-07,254.6,1690.91
2013-08-08,258,1697.48
2013-08-09,261.5,1691.42
2013-08-12,261,1689.47
2013-08-13,266.7,1694.16
2013-08-14,264.8,1685.39
2013-08-15,265,1661.32
2013-08-16,265.1,1655.83
2013-08-19,271,1646.06
2013-08-20,266.3,1652.35
2013-08-21,260,1642.8
2013-08-22,263,1656.96
2013-08-23,264.6,1663.5
2013-08-26,264.2,1656.78
2013-08-27,260.9,1630.48
2013-08-28,260,1634.96
2013-08-29,263,1638.17
2013-08-30,260.5,1632.97
2013-09-02,262.5,1636.37
2013-09-03,264,1639.77
2013-09-04,261.5,1653.08
2013-09-05,263,1655.08
2013-09-06,265,1655.17
2013-09-09,267.4,1671.71
2013-09-10,271.5,1683.99
2013-09-11,271,1689.13
2013-09-12,272.1,1683.42
2013-09-13,269.2,1687.99
2013-09-16,270.5,1697.6
2013-09-17,269.5,1704.76
2013-09-18,274,1725.52
2013-09-19,279.5,1722.34
2013-09-20,278.9,1709.91
2013-09-23,276.1,1701.84
2013-09-24,277.6,1697.42
2013-09-25,273,1692.77
2013-09-26,273,1698.67
2013-09-27,273,1691.75
2013-09-30,273.8,1681.55
2013-10-01,274.3,1695
2013-10-02,274.8,1693.87
2013-10-03,279.5,1678.66
2013-10-04,285.5,1690.5
2013-10-07,285.5,1676.12
2013-10-08,288,1655.45
2013-10-09,287.9,1656.4
2013-10-10,292.9,1692.56
2013-10-11,291.2,1703.2
2013-10-14,288.5,1710.14
2013-10-15,290.2,1698.06
2013-10-16,294.2,1721.54
2013-10-17,294.7,1733.15
2013-10-18,299.5,1744.5
2013-10-21,301.3,1744.66
2013-10-22,307,1754.67
2013-10-23,304.4,1746.38
2013-10-24,307.3,1752.07
2013-10-25,307.8,1759.77
2013-10-28,304.2,1762.11
2013-10-29,307.2,1771.95
2013-10-30,307.2,1763.31
2013-10-31,310.1,1756.54
2013-11-01,306.1,1761.64
2013-11-04,307.7,1767.93
2013-11-05,301,1762.97
2013-11-06,306,1770.49
2013-11-07,315,1747.15
2013-11-08,310.6,1770.61
2013-11-11,307.9,1771.89
2013-11-12,310.4,1767.69
2013-11-13,307,1782
2013-11-14,304.5,1790.62
2013-11-15,304.5,1798.18
2013-11-18,307.5,1791.53
2013-11-19,304.5,1787.87
2013-11-20,297.1,1781.37
2013-11-21,298,1795.85
2013-11-22,297.3,1804.76
2013-11-25,295,1802.48
2013-11-26,288.2,1802.75
2013-11-27,288,1807.23
2013-11-28,296.3,1806.52
2013-11-29,296.8,1805.81
2013-12-02,295.1,1800.9
2013-12-03,289,1795.15
2013-12-04,284.5,1792.81
2013-12-05,279.1,1785.03
2013-12-06,279.7,1805.09
2013-12-09,282.4,1808.37
2013-12-10,283.5,1802.62
2013-12-11,283.6,1782.22
2013-12-12,279,1775.5
2013-12-13,275.4,1775.32
2013-12-16,278,1786.54
2013-12-17,276.2,1781
2013-12-18,275.7,1810.65
2013-12-19,276.9,1809.6
2013-12-20,282.8,1818.32
2013-12-23,284.4,1827.99
2013-12-27,288,1841.4
2013-12-30,292.5,1841.07
2014-01-02,291.4,1831.98
2014-01-03,289.3,1831.37
2014-01-06,290.3,1826.77
2014-01-07,298.5,1837.88
2014-01-08,303.5,1837.49
2014-01-09,308.7,1838.13
2014-01-10,306.5,1842.37
2014-01-13,307,1819.2
2014-01-14,308,1838.88
2014-01-15,311.8,1848.38
2014-01-16,306,1845.89
2014-01-17,304.5,1838.7
2014-01-20,299.7,1841.25
2014-01-21,298,1843.8
2014-01-22,298.8,1844.86
2014-01-23,298,1828.46
2014-01-24,293.5,1790.29
2014-01-27,281.7,1781.56
2014-01-28,281,1792.5
2014-01-29,277.5,1774.2
2014-01-30,280,1794.19
2014-01-31,282.9,1782.59
2014-02-03,278.8,1741.89
2014-02-04,281.7,1755.2
2014-02-05,285.5,1751.64
2014-02-06,289.1,1773.43
2014-02-07,289.4,1797.02
2014-02-10,293.7,1799.84
2014-02-11,292.8,1819.75
2014-02-12,294.6,1819.26
2014-02-13,293.5,1829.83
2014-02-14,299.9,1838.63
2014-02-17,299.5,1839.695
2014-02-18,299.7,1840.76
2014-02-19,300,1828.75
2014-02-20,300.7,1839.78
2014-02-21,303.3,1836.25
2014-02-24,307,1847.61
2014-02-25,339.3,1845.12
2014-02-26,326.1,1845.16
2014-02-27,318.2,1854.29
2014-02-28,325,1859.45
2014-03-03,316.1,1845.73
2014-03-04,322.8,1873.91
2014-03-05,325.1,1873.81
2014-03-06,319.5,1877.03
2014-03-07,319.8,1878.04
2014-03-10,317.7,1877.17
2014-03-11,316.4,1867.63
2014-03-12,312,1868.2
2014-03-13,311.9,1846.34
2014-03-14,304,1841.13
2014-03-17,307.4,1858.83
2014-03-18,306.5,1872.25
2014-03-19,308.1,1860.77
2014-03-20,307.6,1872.01
2014-03-21,305.3,1866.52
2014-03-24,299.6,1857.44
2014-03-25,297,1865.62
2014-03-26,295,1852.56
2014-03-27,290.1,1849.04
2014-03-28,288.9,1857.62
2014-03-31,297.8,1872.34
2014-04-01,313.9,1885.52
2014-04-02,311.6,1890.9
2014-04-03,307.9,1888.77
2014-04-04,315,1865.09
2014-04-07,308.6,1845.04
2014-04-08,307.7,1851.96
2014-04-09,311.3,1872.18
2014-04-10,308.5,1833.08
2014-04-11,306.8,1815.69
2014-04-14,298.7,1830.61
2014-04-15,300.4,1842.98
2014-04-16,305,1862.31
2014-04-22,313,1879.55
2014-04-23,311,1875.39
2014-04-24,307.5,1878.61
2014-04-25,306.3,1863.4
2014-04-28,304.5,1869.43
2014-04-29,309.3,1878.33
2014-04-30,295.5,1883.95
2014-05-01,298.4,1883.68
2014-05-02,295.9,1881.14
2014-05-05,299.5,1884.66
2014-05-06,298,1867.72
2014-05-07,294,1878.21
2014-05-08,296,1875.63
2014-05-09,295.4,1878.48
2014-05-12,304.1,1896.65
2014-05-13,300.3,1897.45
2014-05-14,299,1888.53
2014-05-15,293,1870.85
2014-05-19,289.9,1885.08
2014-05-20,290,1872.83
2014-05-21,294.6,1888.03
2014-05-22,293.8,1892.49
2014-05-23,294,1900.53
2014-05-26,302,1906.22
2014-05-27,302.2,1911.91
2014-05-28,302.7,1909.78
2014-06-02,308,1924.97
2014-06-03,303.1,1924.24
2014-06-04,305,1927.88
2014-06-06,310.5,1949.44
2014-06-10,314.2,1950.79
2014-06-11,309,1943.89
2014-06-12,313,1930.11
2014-06-13,310.1,1936.16
2014-06-16,308.2,1937.78
2014-06-17,310,1941.99
2014-06-18,311,1956.98
2014-06-19,314.1,1959.48
2014-06-20,310.8,1962.87
2014-06-23,310.7,1962.61
2014-06-24,305.6,1949.98
2014-06-25,309.5,1959.53
2014-06-26,308.8,1957.22
2014-06-27,308.7,1960.96
2014-07-01,315.1,1973.32
2014-07-02,320.5,1974.62
2014-07-03,321.8,1985.44
2014-07-04,320,1981.545
2014-07-07,320.8,1977.65
2014-07-08,317.5,1963.71
2014-07-09,315,1972.83
2014-07-10,308.4,1964.68
2014-07-11,309.3,1967.57
2014-07-14,315.9,1977.1
2014-07-15,312.1,1973.28
2014-07-16,317.4,1981.57
2014-07-17,317.7,1958.12
2014-07-18,313.7,1978.22
2014-07-21,310.5,1973.63
2014-07-22,316.6,1983.53
2014-07-23,317.6,1987.01
2014-07-24,322,1987.98
2014-07-25,321.6,1978.34
2014-07-28,321,1978.91
2014-07-29,324.8,1969.95
2014-07-30,322.9,1970.07
2014-07-31,316.1,1930.67
2014-08-01,313,1925.15
2014-08-04,312.3,1938.99
2014-08-05,311,1920.21
2014-08-06,307.7,1920.24
2014-08-07,305.9,1909.57
2014-08-08,304.4,1931.59
2014-08-11,308.6,1936.92
2014-08-12,312.7,1933.75
2014-08-13,313.1,1946.72
2014-08-14,312.4,1955.18
2014-08-15,312.4,1955.06
2014-08-18,315.4,1971.74
2014-08-19,299.5,1981.6
2014-08-20,300.7,1986.51
2014-08-21,304.6,1992.37
2014-08-22,303.8,1988.4
2014-08-25,307.2,1997.92
2014-08-26,307.6,2000.02
2014-08-27,308.9,2000.12
2014-08-28,306,1996.74
2014-08-29,309,2003.37
2014-09-01,311,2002.825
2014-09-02,311.5,2002.28
2014-09-03,312.4,2000.72
2014-09-04,317.5,1997.65
2014-09-05,317,2007.71
2014-09-08,315.7,2001.54
2014-09-09,314.2,1988.44
2014-09-10,313,1995.69
2014-09-11,313.3,1997.45
2014-09-12,315,1985.54
2014-09-15,312.5,1984.13
2014-09-16,309.4,1998.98
2014-09-17,311.6,2001.57
2014-09-18,313.3,2011.36
2014-09-19,315.5,2010.4
2014-09-22,316.8,1994.29
2014-09-23,311.3,1982.77
2014-09-24,312.1,1998.3
2014-09-25,312.1,1965.99
2014-09-26,314.8,1982.85
2014-09-29,313.6,1977.8
2014-09-30,318.5,1972.29
2014-10-01,321.5,1946.16
2014-10-02,310.9,1946.17
2014-10-03,315.3,1967.9
2014-10-06,316.2,1964.82
2014-10-07,311,1935.1
2014-10-08,304.5,1968.89
2014-10-09,305.1,1928.21
2014-10-10,300.4,1906.13
2014-10-13,295.5,1874.74
2014-10-14,293.5,1877.7
2014-10-15,284.8,1862.49
2014-10-16,277.4,1862.76
2014-10-17,290.4,1886.76
2014-10-20,290.5,1904.01
2014-10-21,299,1941.28
2014-10-22,303.3,1927.11
2014-10-23,306.9,1950.82
2014-10-24,306.3,1964.58
2014-10-27,310.8,1961.63
2014-10-28,314.6,1985.05
2014-10-29,313.3,1982.3
2014-10-30,317,1994.65
2014-10-31,320,2018.05
2014-11-03,316.7,2017.81
2014-11-04,313,2012.1
2014-11-05,316.1,2023.57
2014-11-06,314.2,2031.21
2014-11-07,310.1,2031.92
2014-11-10,306.3,2038.26
2014-11-11,306.7,2039.68
2014-11-12,302.8,2038.25
2014-11-13,300.3,2039.33
2014-11-14,304,2039.82
2014-11-17,304.1,2041.32
2014-11-18,305.5,2051.8
2014-11-19,306.7,2048.72
2014-11-20,302.2,2052.75
2014-11-21,305.5,2063.5
2014-11-24,307.5,2069.41
2014-11-25,311.2,2067.03
2014-11-26,309.9,2072.83
2014-11-27,310.1,2070.195
2014-11-28,308.9,2067.56
2014-12-01,305,2053.44
2014-12-02,308,2066.55
2014-12-03,309.2,2074.33
2014-12-04,307,2071.92
2014-12-05,312,2075.37
2014-12-08,310.2,2060.31
2014-12-09,307.1,2059.82
2014-12-10,306.8,2026.14
2014-12-11,307.4,2035.33
2014-12-12,301.5,2002.33
2014-12-15,296.8,1989.63
2014-12-16,292.9,1972.74
2014-12-17,295.4,2012.89
2014-12-18,300.9,2061.23
2014-12-19,306.5,2070.65
2014-12-22,308.8,2078.54
2014-12-23,309,2082.17
2014-12-29,312.2,2090.57
2014-12-30,312.8,2080.35
2015-01-02,316.1,2058.2
2015-01-05,312,2020.58
2015-01-06,307,2002.61
2015-01-07,305,2025.9
2015-01-08,305.5,2062.14
2015-01-09,303.3,2044.81
2015-01-12,302,2028.26
2015-01-13,304.8,2023.03
2015-01-14,300.5,2011.27
2015-01-15,301.7,1992.67
2015-01-16,302.8,2019.42
2015-01-19,302.8,2020.985
2015-01-20,303.5,2022.55
2015-01-21,301.2,2032.12
2015-01-22,305,2063.15
2015-01-23,302.4,2051.82
2015-01-26,302.8,2057.09
2015-01-27,299.1,2029.55
2015-01-28,297.8,2002.16
2015-01-29,297.9,2021.25
2015-01-30,298.9,1994.99
2015-02-02,297.1,2020.85
2015-02-03,305.5,2050.03
2015-02-04,305.6,2041.51
2015-02-05,303,2062.52
2015-02-06,303,2055.47
2015-02-09,299.4,2046.74
2015-02-10,305.2,2068.59
2015-02-11,298.2,2068.53
2015-02-12,302,2088.48
2015-02-13,306.4,2096.99
2015-02-16,308.7,2098.665
2015-02-17,305,2100.34
2015-02-18,309,2099.68
2015-02-19,308.8,2097.45
2015-02-20,308.6,2110.3
2015-02-23,317.1,2109.66
2015-02-24,293.3,2115.48
2015-02-25,287.5,2113.86
2015-02-26,292.4,2110.74
2015-02-27,288.7,2104.5
2015-03-02,289.6,2117.39
2015-03-03,291.9,2107.78
2015-03-04,294.5,2098.53
2015-03-05,296.7,2101.04
2015-03-06,297,2071.26
2015-03-09,291.5,2079.43
2015-03-10,291.7,2044.16
2015-03-11,292.2,2040.24
2015-03-12,292.2,2065.95
2015-03-13,291.1,2053.4
2015-03-16,290.9,2081.19
2015-03-17,289.8,2074.28
2015-03-18,287.1,2099.5
2015-03-19,289.5,2089.27
2015-03-20,291.1,2108.1
2015-03-23,292.6,2104.42
2015-03-24,292.8,2091.5
2015-03-25,292.8,2061.05
2015-03-26,290.2,2056.15
2015-03-27,291.3,2061.02
2015-03-30,292.6,2086.24
2015-03-31,292.9,2067.89
2015-04-01,294.3,2059.69
2015-04-07,298.1,2076.33
2015-04-08,300.8,2081.9
2015-04-09,305.5,2091.18
2015-04-10,308.2,2102.06
2015-04-13,313,2092.43
2015-04-14,311.5,2095.84
2015-04-15,318.6,2106.63
2015-04-16,317.9,2104.99
2015-04-17,316.1,2081.18
2015-04-20,324.4,2100.4
2015-04-21,327.7,2097.29
2015-04-22,330.4,2107.96
2015-04-23,336,2112.93
2015-04-24,337.3,2117.69
2015-04-27,338.7,2108.92
2015-04-28,336,2114.76
2015-04-29,323.5,2106.85
2015-04-30,326.6,2085.51
2015-05-04,325.6,2114.49
2015-05-05,322,2089.46
2015-05-06,321.4,2080.15
2015-05-07,327,2088
2015-05-08,329.4,2116.1
2015-05-11,332.4,2105.33
2015-05-12,329.3,2099.12
2015-05-13,329,2098.48
2015-05-18,327.4,2129.2
2015-05-19,329.2,2127.83
2015-05-20,334.4,2125.85
2015-05-21,332.5,2130.82
2015-05-22,331.6,2126.06
2015-05-26,329.4,2104.2
2015-05-27,328.1,2123.48
2015-05-28,329.6,2120.79
2015-05-29,327.5,2107.39
2015-06-01,327.9,2111.73
2015-06-02,327.7,2109.6
2015-06-03,337.1,2114.07
2015-06-04,335.1,2095.84
2015-06-08,339.5,2079.28
2015-06-09,334.2,2080.15
2015-06-10,335.1,2105.2
2015-06-11,334.9,2108.86
2015-06-12,333.2,2094.11
2015-06-15,325.5,2084.43
2015-06-16,327.6,2096.29
2015-06-17,326.7,2100.44
2015-06-18,324.6,2121.24
2015-06-19,327.8,2109.99
2015-06-22,332,2122.85
2015-06-23,335.4,2124.2
2015-06-24,337.7,2108.58
2015-06-25,339.5,2102.31
2015-06-26,340.9,2101.49
2015-06-29,335.5,2057.64
2015-06-30,336.2,2063.11
2015-07-01,341.1,2077.42
2015-07-02,342.6,2076.78
2015-07-03,340.7,2072.77
2015-07-06,332.9,2068.76
2015-07-07,324.3,2081.34
2015-07-08,322.9,2046.68
2015-07-09,326.3,2051.31
2015-07-10,331.9,2076.62
2015-07-13,339.1,2099.6
2015-07-14,337.2,2108.95
2015-07-15,337.4,2107.4
2015-07-16,342.1,2124.29
2015-07-17,339.3,2126.64
2015-07-20,345.9,2128.28
2015-07-21,342.3,2119.21
2015-07-22,349.6,2114.15
2015-07-23,353.9,2102.15
2015-07-24,351.9,2079.65
2015-07-27,349,2067.64
2015-07-28,349.1,2093.25
2015-07-29,350,2108.57
2015-07-30,346.7,2108.63
2015-07-31,354.8,2103.84
2015-08-03,359.7,2098.04
2015-08-04,360,2093.32
2015-08-05,366.7,2099.84
2015-08-06,365.7,2083.56
2015-08-07,359.4,2077.57
2015-08-10,361,2104.18
2015-08-11,362.1,2084.07
2015-08-12,357.8,2086.05
2015-08-13,360,2083.39
2015-08-14,364.8,2091.54
2015-08-17,366,2102.44
2015-08-18,383,2096.92
2015-08-19,384.2,2079.61
2015-08-20,376,2035.73
2015-08-21,369,1970.89
2015-08-24,348.9,1893.21
2015-08-25,365.9,1867.61
2015-08-26,364.8,1940.51
2015-08-27,376.4,1987.66
2015-08-28,371.4,1988.87
2015-08-31,371.8,1972.18
2015-09-01,364.9,1913.85
2015-09-02,373.3,1948.86
2015-09-03,384,1951.13
2015-09-04,377.6,1921.22
2015-09-07,376.1,1945.315
2015-09-08,379.6,1969.41
2015-09-09,382.1,1942.04
2015-09-10,383.1,1952.29
2015-09-11,381.3,1961.05
2015-09-14,380.5,1953.03
2015-09-15,375.3,1978.09
2015-09-16,381.7,1995.31
2015-09-17,382,1990.2
2015-09-18,380,1958.03
2015-09-21,382.3,1966.97
2015-09-22,379.6,1942.74
2015-09-23,377.7,1938.76
2015-09-24,370.5,1932.24
2015-09-25,385,1931.34
2015-09-28,373.9,1881.77
2015-09-29,368.8,1884.09
2015-09-30,369.1,1920.03
2015-10-01,368.2,1923.82
2015-10-02,368.5,1951.36
2015-10-05,369.4,1987.05
2015-10-06,372,1979.92
2015-10-07,374.3,1995.83
2015-10-08,364.6,2013.43
2015-10-09,360.8,2014.89
2015-10-12,358,2017.46
2015-10-13,356.2,2003.69
2015-10-14,355.2,1994.24
2015-10-15,355.8,2023.86
2015-10-16,365.4,2033.11
2015-10-19,368.1,2033.66
2015-10-20,365.8,2030.77
2015-10-21,364.9,2018.94
2015-10-22,360.3,2052.51
2015-10-23,365,2075.15
2015-10-26,365.5,2071.18
2015-10-27,351.2,2065.89
2015-10-28,348.4,2090.35
2015-10-29,336.8,2089.41
2015-10-30,331.1,2079.36
2015-11-02,324.6,2104.05
2015-11-03,325,2109.79
2015-11-04,325.6,2102.31
2015-11-05,325,2099.93
2015-11-06,333.4,2099.2
2015-11-09,328.7,2078.58
2015-11-10,326.8,2081.72
2015-11-11,328.2,2075
2015-11-12,326.5,2045.97
2015-11-13,323.9,2023.04
2015-11-16,322.4,2053.19
2015-11-17,326.8,2050.44
2015-11-18,330,2083.58
2015-11-19,329.1,2081.24
2015-11-20,324.3,2089.17
2015-11-23,326,2086.59
2015-11-24,321.5,2089.14
2015-11-25,322.4,2088.87
2015-11-26,317.6,2089.49
2015-11-27,312,2090.11
2015-11-30,321.1,2080.41
2015-12-01,323,2102.63
2015-12-02,322.7,2079.51
2015-12-03,322.8,2049.62
2015-12-04,320,2091.69
2015-12-07,320,2077.07
2015-12-08,312.9,2063.59
2015-12-09,309.8,2047.62
2015-12-10,307.9,2052.23
2015-12-11,301.4,2012.37
2015-12-14,297.5,2021.94
2015-12-15,298.5,2043.41
2015-12-16,296.6,2073.07
2015-12-17,301.3,2041.89
2015-12-18,299.5,2005.55
2015-12-21,299.2,2021.15
2015-12-22,299.5,2038.97
2015-12-23,311.6,2064.29
2015-12-28,311.4,2056.5
2015-12-29,312.6,2078.36
2015-12-30,312.1,2063.36
2016-01-04,308.8,2012.66
2016-01-05,308.5,2016.71
2016-01-06,305.3,1990.26
2016-01-07,306.2,1943.09
2016-01-08,299.4,1922.03
2016-01-11,294.1,1923.67
2016-01-12,290.9,1938.68
2016-01-13,290.4,1890.28
2016-01-14,283.8,1921.84
2016-01-15,272.7,1880.33
2016-01-18,266.9,1880.83
2016-01-19,267.1,1881.33
2016-01-20,261.9,1859.33
2016-01-21,265.7,1868.99
2016-01-22,277.6,1906.9
2016-01-25,284.9,1877.08
2016-01-26,297.1,1903.63
2016-01-27,296.6,1882.95
2016-01-28,291.6,1893.36
2016-01-29,301.3,1940.24
2016-02-01,296.2,1939.38
2016-02-02,287.1,1903.03
2016-02-03,279.4,1912.53
2016-02-04,295.9,1915.45
2016-02-05,291.7,1880.05
2016-02-08,278.2,1853.44
2016-02-09,269.4,1852.21
2016-02-10,286.9,1851.86
2016-02-11,278.1,1829.08
2016-02-12,279.6,1864.78
2016-02-15,297.9,1880.18
2016-02-16,299.3,1895.58
2016-02-17,300.7,1926.82
2016-02-18,298.4,1917.83
2016-02-19,295,1917.78
2016-02-22,300.8,1945.5
2016-02-23,301.9,1921.27
2016-02-24,287.3,1929.8
2016-02-25,295.5,1951.7
2016-02-26,299.7,1948.05
2016-02-29,299.2,1932.23
2016-03-01,298.5,1978.35
2016-03-02,309,1986.45
2016-03-03,307.5,1993.4
2016-03-04,311.6,1999.99
2016-03-07,309.3,2001.76
2016-03-08,305.3,1979.26
2016-03-09,309.1,1989.26
2016-03-10,308.7,1989.57
2016-03-11,317.2,2022.19
2016-03-14,315.3,2019.64
2016-03-15,311.4,2015.93
2016-03-16,311.7,2027.22
2016-03-17,301.3,2040.59
2016-03-18,303.1,2049.58
2016-03-21,303.4,2051.6
2016-03-22,301.8,2049.8
2016-03-23,300.7,2036.71
2016-03-29,296.3,2055.01
2016-03-30,302,2063.95
2016-03-31,295.6,2059.74
2016-04-01,299.3,2072.78
2016-04-04,298,2066.13
2016-04-05,291.2,2045.17
2016-04-06,287.9,2066.66
2016-04-07,278.5,2041.91
2016-04-08,279.8,2047.6
2016-04-11,279.9,2041.99
2016-04-12,275.5,2061.72
2016-04-13,283.1,2082.42
2016-04-14,284.9,2082.78
2016-04-15,283.4,2080.73
2016-04-18,281.4,2094.34
2016-04-19,280.1,2100.8
2016-04-20,282.9,2102.4
2016-04-21,281.6,2091.48
2016-04-25,279.5,2087.79
2016-04-26,282.8,2091.7
2016-04-27,281.6,2095.15
2016-04-28,267.6,2075.81
2016-04-29,266.1,2065.3
2016-05-02,263.9,2081.43
2016-05-03,258.4,2063.37
2016-05-04,256.5,2051.12
2016-05-09,256,2058.69
2016-05-10,258.6,2084.39
2016-05-11,256.4,2064.46
2016-05-12,255.4,2064.11
2016-05-13,255.2,2046.61
2016-05-17,255.4,2047.21
2016-05-18,253.9,2047.63
2016-05-19,254.5,2040.04
2016-05-20,257.3,2052.32
2016-05-23,258.3,2048.04
2016-05-24,259.8,2076.06
2016-05-25,267.5,2090.54
2016-05-26,265.8,2090.1
2016-05-27,270.5,2099.06
2016-05-30,270.5,2098.005
2016-05-31,268.5,2096.95
2016-06-01,267.5,2099.33
2016-06-02,267,2105.26
2016-06-03,263,2099.13
2016-06-06,265.1,2109.41
2016-06-07,271.9,2112.13
2016-06-08,266.6,2119.12
2016-06-09,261.7,2115.48
2016-06-10,251.7,2096.07
2016-06-13,250.1,2079.06
2016-06-14,249.8,2075.32
2016-06-15,256.3,2071.5
2016-06-16,251.9,2077.99
2016-06-17,261.9,2071.22
2016-06-20,267.5,2083.25
2016-06-21,270.4,2088.9
2016-06-22,268.7,2085.45
2016-06-23,275,2113.32
2016-06-24,257,2037.41
2016-06-27,240.8,2000.54
2016-06-28,248.6,2036.09
2016-06-29,251.2,2070.77
2016-06-30,252.8,2098.86
2016-07-01,255.4,2102.95
2016-07-04,252,2095.75
2016-07-05,244.4,2088.55
2016-07-06,237.8,2099.73
2016-07-07,245.7,2097.9
2016-07-08,254.6,2129.9
2016-07-11,256.7,2137.16
2016-07-12,262.7,2152.14
2016-07-13,263.2,2152.43
2016-07-14,265.5,2163.75
2016-07-15,264.4,2161.74
2016-07-18,263.8,2166.89
2016-07-19,264.8,2163.78
2016-07-20,269,2173.02
2016-07-21,269.7,2165.17
2016-07-22,269.5,2175.03
2016-07-25,269.4,2168.48
2016-07-26,271.2,2169.18
2016-07-27,273.4,2166.58
2016-07-28,271.1,2170.06
2016-07-29,276.7,2173.6
2016-08-01,273.7,2170.84
2016-08-02,269.1,2157.03
2016-08-03,268.3,2163.79
2016-08-04,273.7,2164.25
2016-08-05,278,2182.87
2016-08-08,277.9,2180.89
2016-08-09,281.9,2181.74
2016-08-10,281.8,2175.49
2016-08-11,283.3,2185.79
2016-08-12,285.6,2184.05
2016-08-15,283.9,2190.15
2016-08-16,277.2,2178.15
2016-08-17,278.3,2182.22
2016-08-18,285.1,2187.02
2016-08-19,288.7,2183.87
2016-08-22,296,2182.64
2016-08-23,298.5,2186.9
2016-08-24,307.8,2175.44
2016-08-25,310,2172.47
2016-08-26,312.3,2169.04
2016-08-29,313.9,2180.38
2016-08-30,320.4,2176.12
2016-08-31,320.3,2170.95
2016-09-01,322,2170.86
2016-09-02,325.2,2179.98
2016-09-05,325.3,2183.23
2016-09-06,315.6,2186.48
2016-09-07,316.4,2186.16
2016-09-08,316.7,2181.3
2016-09-09,316.3,2127.81
2016-09-12,316.2,2159.04
2016-09-13,316,2127.02
2016-09-14,314,2125.77
2016-09-15,315.8,2147.26
2016-09-16,313.7,2139.16
2016-09-19,311.2,2139.12
2016-09-20,309.6,2139.76
2016-09-21,313.2,2163.12
2016-09-22,314.4,2177.18
2016-09-23,311.5,2164.69
2016-09-26,308.7,2146.1
2016-09-27,306.5,2159.93
2016-09-28,309.6,2171.37
2016-09-29,308.3,2151.13
2016-09-30,309,2168.27
2016-10-03,313.6,2161.2
2016-10-04,317.6,2150.49
2016-10-05,317.1,2159.73
2016-10-06,325,2160.77
2016-10-07,323.9,2153.74
2016-10-10,324.7,2163.66
2016-10-11,322.3,2136.73
2016-10-12,322.9,2139.18
2016-10-13,321.8,2132.55
2016-10-14,326.7,2132.98
2016-10-17,327.2,2126.5
2016-10-18,333.2,2139.6
2016-10-19,326.6,2144.29
2016-10-20,330.9,2141.34
2016-10-21,334.1,2141.16
2016-10-24,336.4,2151.33
2016-10-25,338.5,2143.16
2016-10-26,338.7,2139.43
2016-10-27,324,2133.04
2016-10-28,310.2,2126.41
2016-10-31,307.5,2126.15
2016-11-01,302.8,2111.72
2016-11-02,293.5,2097.94
2016-11-03,296.3,2088.66
2016-11-04,293.9,2085.18
2016-11-07,297,2131.52
2016-11-08,296.6,2139.56
2016-11-09,298.8,2163.26
2016-11-10,305.9,2167.48
2016-11-11,307.3,2164.45
2016-11-14,309.9,2164.2
2016-11-15,312.5,2180.39
2016-11-16,311.3,2176.94
2016-11-17,310,2187.12
2016-11-18,316.3,2181.9
2016-11-21,317.6,2198.18
2016-11-22,317.5,2202.94
2016-11-23,314.5,2204.72
2016-11-24,311.6,2209.035
2016-11-25,312.3,2213.35
2016-11-28,305.4,2201.72
2016-11-29,310.7,2204.66
2016-11-30,306.4,2198.81
2016-12-01,309,2191.08
2016-12-02,307.6,2191.95
2016-12-05,311.8,2204.71
2016-12-06,319.4,2212.23
2016-12-07,319.2,2241.35
2016-12-08,327.7,2246.19
2016-12-09,331.3,2259.53
2016-12-12,330.7,2256.96
2016-12-13,333.2,2271.72
2016-12-14,334.4,2253.28
2016-12-15,340.7,2262.03
2016-12-16,340,2258.07
2016-12-19,335.2,2262.53
2016-12-20,336.8,2270.76
2016-12-21,336,2265.18
2016-12-22,338,2260.96
2016-12-23,336.3,2263.79
2016-12-27,338.8,2268.88
2016-12-28,336.3,2249.92
2016-12-29,335.7,2249.26
2016-12-30,336.7,2238.83
2017-01-02,343.9,2248.33
2017-01-03,342.8,2257.83
2017-01-04,338.1,2270.75
2017-01-05,337.2,2269
2017-01-06,337.3,2276.98
2017-01-09,328.9,2268.9
2017-01-10,328.2,2268.9
2017-01-11,327,2275.32
2017-01-12,330.7,2270.44
2017-01-13,336.8,2274.64
2017-01-16,334.4,2271.265
2017-01-17,335.5,2267.89
2017-01-18,334.5,2271.89
2017-01-19,343.7,2263.69
2017-01-20,343.7,2271.31
2017-01-23,341.5,2265.2
2017-01-24,342.5,2280.07
2017-01-25,352.5,2298.37
2017-01-26,355.6,2296.68
2017-01-27,355.4,2294.69
2017-01-30,353.4,2280.9
2017-01-31,354,2278.87
2017-02-01,359.9,2279.55
2017-02-02,360.6,2280.85
2017-02-03,368.8,2297.42
2017-02-06,364,2292.56
2017-02-07,368.8,2293.08
2017-02-08,366.8,2294.67
2017-02-09,369.2,2307.87
2017-02-10,368.9,2316.1
2017-02-13,370.9,2328.25
2017-02-14,375.3,2337.58
2017-02-15,381.4,2349.25
2017-02-16,378.2,2347.22
2017-02-17,376.8,2351.16
2017-02-20,372.9,2358.27
2017-02-21,372.8,2365.38
2017-02-22,363.2,2362.82
2017-02-23,364,2363.81
2017-02-24,359.1,2367.34
2017-02-27,361.1,2369.75
2017-02-28,361.3,2363.64
2017-03-01,371.1,2395.96
2017-03-02,368.2,2381.92
2017-03-03,371.7,2383.12
2017-03-06,368.9,2375.31
2017-03-07,368.6,2368.39
2017-03-08,371,2362.98
2017-03-09,372,2364.87
2017-03-10,374.8,2372.6
2017-03-13,374.9,2373.47
2017-03-14,371.9,2365.45
2017-03-15,373.7,2385.26
2017-03-16,375.2,2381.38
2017-03-17,374.9,2378.25
2017-03-20,370.6,2373.47
2017-03-21,363.5,2344.02
2017-03-22,359.6,2348.45
2017-03-23,359,2345.96
2017-03-24,354.9,2343.98
2017-03-27,353.4,2341.59
2017-03-28,355.1,2358.57
2017-03-29,352.7,2361.13
2017-03-30,351.7,2368.06
2017-03-31,352.8,2362.72
2017-04-03,354.2,2358.84
2017-04-04,351.8,2360.16
2017-04-05,357.6,2352.95
2017-04-06,355.1,2357.49
2017-04-07,353,2355.54
2017-04-10,351.8,2357.16
2017-04-11,349.1,2353.78
2017-04-12,350.5,2344.93
2017-04-18,344.6,2342.19
2017-04-19,347.5,2338.17
2017-04-20,345.6,2355.84
2017-04-21,343.5,2348.69
2017-04-24,349.9,2374.15
2017-04-25,355.8,2388.61
2017-04-26,356.6,2387.45
2017-04-27,357.5,2388.77
2017-04-28,364.9,2384.2
2017-05-01,367.8,2388.33
2017-05-02,355,2391.17
2017-05-03,353.3,2388.13
2017-05-04,357.6,2389.52
2017-05-05,363.2,2399.29
2017-05-08,361.6,2399.38
2017-05-09,357.7,2396.92
2017-05-10,359.7,2399.63
2017-05-11,362.2,2394.44
2017-05-15,362.5,2402.32
2017-05-16,357.3,2400.67
2017-05-17,349.3,2357.03
2017-05-18,352.6,2365.72
2017-05-19,357,2381.73
2017-05-22,355.6,2394.02
2017-05-23,357,2398.42
2017-05-24,355.4,2404.39
2017-05-29,352.7,2408.65
2017-05-30,352.7,2412.91
2017-05-31,354.4,2411.8
2017-06-01,360,2430.06
2017-06-02,370,2439.07
2017-06-06,360.4,2429.33
2017-06-07,362,2433.14
2017-06-08,362.5,2433.79
2017-06-09,365.1,2431.77
2017-06-12,366.1,2429.39
2017-06-13,368.1,2440.35
2017-06-14,368.4,2437.92
2017-06-15,368.8,2432.46
2017-06-16,367.6,2433.15
2017-06-19,371.1,2453.46
2017-06-20,371.2,2437.03
2017-06-21,369.2,2435.61
2017-06-22,370,2434.5
2017-06-23,368.8,2438.3
2017-06-26,366,2439.07
2017-06-27,367.2,2419.38
2017-06-28,369.2,2440.69
2017-06-29,377.1,2419.7
2017-06-30,377,2423.41
2017-07-03,386.4,2429.01
2017-07-04,381.4,2430.775
2017-07-05,383.3,2432.54
2017-07-06,383.1,2409.75
2017-07-07,384.5,2425.18
2017-07-10,386,2427.43
2017-07-11,387.9,2425.53
2017-07-12,386.8,2443.25
2017-07-13,386.4,2447.83
2017-07-14,385.2,2459.27
2017-07-17,385.5,2459.14
2017-07-18,387.1,2460.61
2017-07-19,385.5,2473.83
2017-07-20,387.5,2473.45
2017-07-21,384.5,2472.54
2017-07-24,385,2469.91
2017-07-25,389.5,2477.13
2017-07-26,392.8,2477.83
2017-07-27,398,2475.42
2017-07-28,395,2472.1
2017-07-31,393.7,2470.3
2017-08-01,394,2476.35
2017-08-02,392.5,2477.57
2017-08-03,388.3,2472.16
2017-08-04,393.9,2476.83
2017-08-07,393.8,2480.91
2017-08-08,389.9,2474.92
2017-08-09,387.3,2474.02
2017-08-10,385.1,2438.21
2017-08-11,380.5,2441.32
2017-08-14,390.2,2465.84
2017-08-15,390.1,2464.61
2017-08-16,387.6,2468.11
2017-08-17,379.6,2430.01
2017-08-18,382.1,2425.55
2017-08-21,383.5,2428.37
2017-08-22,384.6,2452.51
2017-08-23,380.1,2444.04
2017-08-24,387.5,2438.97
2017-08-25,389.6,2443.05
2017-08-28,383.4,2444.24
2017-08-29,377.5,2446.3
2017-08-30,374,2457.59
2017-08-31,375.9,2471.65
2017-09-01,378,2476.55
2017-09-04,374.4,2467.2
2017-09-05,370.7,2457.85
2017-09-06,352.1,2465.54
2017-09-07,354.6,2465.1
2017-09-08,356.5,2461.43
2017-09-11,359,2488.11
2017-09-12,358.7,2496.48
2017-09-13,359.5,2498.37
2017-09-14,358,2495.62
2017-09-15,352.4,2500.23
2017-09-18,353.5,2503.87
2017-09-19,356.3,2506.65
2017-09-20,357.7,2508.24
2017-09-21,358.4,2500.6
2017-09-22,352.7,2502.22
2017-09-25,355,2496.66
2017-09-26,354.3,2496.84
2017-09-27,358.8,2507.04
2017-09-28,362.3,2510.06
2017-09-29,363.3,2519.36
2017-10-02,360.9,2529.12
2017-10-03,360.1,2534.58
2017-10-04,362.9,2537.74
2017-10-05,365.4,2552.07
2017-10-06,361.7,2549.33
2017-10-09,361.8,2544.73
2017-10-10,362.4,2550.64
2017-10-11,360.4,2555.24
2017-10-12,359.3,2550.93
2017-10-13,354.3,2553.17
2017-10-16,353.3,2557.64
2017-10-17,363.5,2559.36
2017-10-18,368.1,2561.26
2017-10-19,356.6,2562.1
2017-10-20,359.2,2575.21
2017-10-23,360.1,2564.98
2017-10-24,362.8,2569.13
2017-10-25,350.1,2557.15
2017-10-26,359.1,2560.4
2017-10-27,351.9,2581.07
2017-10-30,356.6,2572.83
2017-10-31,361,2575.26
2017-11-01,359,2579.36
2017-11-02,357.7,2579.85
2017-11-03,349.4,2587.84
2017-11-06,355.1,2591.13
2017-11-07,352.1,2590.64
2017-11-08,345.2,2594.38
2017-11-09,344.5,2584.62
2017-11-10,345.9,2582.3
2017-11-13,342.6,2584.84
2017-11-14,339.5,2578.87
2017-11-15,337.6,2564.62
2017-11-16,343.9,2585.64
2017-11-17,340,2578.85
2017-11-20,339.1,2582.14
2017-11-21,334.7,2599.03
2017-11-22,337.2,2597.08
2017-11-23,335.8,2599.75
2017-11-24,333.8,2602.42
2017-11-27,332.4,2601.42
2017-11-28,336.8,2627.04
2017-11-29,343.1,2626.07
2017-11-30,337.8,2647.58
2017-12-01,336.2,2642.22
2017-12-04,336.1,2639.44
2017-12-05,325.4,2629.57
2017-12-06,320.2,2629.27
2017-12-07,324.4,2636.98
2017-12-08,334.2,2651.5
2017-12-11,349.8,2659.99
2017-12-12,348.7,2664.11
2017-12-13,349.6,2662.85
2017-12-14,350.3,2652.01
2017-12-15,350.2,2675.81
2017-12-18,352.5,2690.16
2017-12-19,351.8,2681.47
2017-12-20,353.5,2679.25
2017-12-21,356.3,2684.57
2017-12-22,353.5,2683.34
2017-12-27,354.6,2682.62
2017-12-28,354.5,2687.54
2017-12-29,353.2,2673.61
2018-01-02,356,2695.81
2018-01-03,354.3,2713.06
2018-01-04,356,2723.99
2018-01-05,354.3,2743.15
2018-01-08,353.3,2747.71
2018-01-09,357.3,2751.29
2018-01-10,359,2748.23
2018-01-11,358.4,2767.56
2018-01-12,352.3,2786.24
2018-01-15,355.1,2781.33
2018-01-16,352.2,2776.42
2018-01-17,353,2802.56
2018-01-18,353.2,2798.03
2018-01-19,344.6,2810.3
2018-01-22,347.2,2832.97
2018-01-23,346.7,2839.13
2018-01-24,347.4,2837.54
2018-01-25,346.5,2839.25
2018-01-26,346.5,2872.87
2018-01-29,347.2,2853.53
2018-01-30,344.8,2822.43
2018-01-31,346.7,2823.81
2018-02-01,350.2,2821.98
2018-02-02,347.6,2762.13
2018-02-05,345,2648.94
2018-02-06,336.9,2695.14
2018-02-07,339.8,2681.66
2018-02-08,338,2581
2018-02-09,333.8,2619.55
2018-02-12,340,2656
2018-02-13,338.2,2662.94
2018-02-14,345.2,2698.63
2018-02-15,344.8,2731.2
2018-02-16,350.2,2732.22
2018-02-19,349.8,2724.24
2018-02-20,343.4,2716.26
2018-02-21,353.7,2701.33
2018-02-22,354,2703.96
2018-02-23,355.4,2747.3
2018-02-26,357.8,2779.6
2018-02-27,361.3,2744.28
2018-02-28,362.1,2713.83
2018-03-01,362.2,2677.67
2018-03-02,361.4,2691.25
2018-03-05,363.6,2720.94
2018-03-06,372.8,2728.12
2018-03-07,377.7,2726.8
2018-03-08,378.5,2738.97
2018-03-09,380.2,2786.57
2018-03-12,383.5,2783.02
2018-03-13,390.8,2765.31
2018-03-14,388.7,2749.48
2018-03-15,385.3,2747.33
2018-03-16,381.5,2752.01
2018-03-19,380,2712.92
2018-03-20,367,2716.94
2018-03-21,365.7,2711.93
2018-03-22,359.6,2643.69
2018-03-23,362.5,2588.26
2018-03-26,360.6,2658.55
2018-03-27,359.5,2612.62
2018-03-28,357.8,2605
2018-04-03,354,2614.45
2018-04-04,349.1,2644.69
2018-04-05,351.9,2662.84
2018-04-06,350.8,2604.47
2018-04-09,350.5,2613.16
2018-04-10,351.3,2656.87
2018-04-11,350.6,2642.19
2018-04-12,353.1,2663.99
2018-04-13,352.3,2656.3
2018-04-16,353.6,2677.84
2018-04-17,355,2706.39
2018-04-18,367.3,2708.64
2018-04-19,372.5,2693.13
2018-04-20,373.2,2670.14
2018-04-23,375.7,2670.29
2018-04-24,376.7,2634.56
2018-04-25,371,2639.4
2018-04-26,371.8,2666.94
2018-04-30,370.9,2648.05
2018-05-01,373.1,2654.8
2018-05-02,377.1,2635.67
2018-05-03,368.9,2629.73
2018-05-04,369.8,2663.42
2018-05-07,370.7,2672.63
2018-05-08,372.6,2671.92
2018-05-09,359,2697.79
2018-05-14,353.1,2730.13
2018-05-15,367.4,2711.45
2018-05-16,361.8,2722.46
2018-05-17,363.9,2720.13
2018-05-18,361.4,2712.97
2018-05-22,365.5,2724.44
2018-05-23,361.8,2733.29
2018-05-24,358.6,2727.76
2018-05-25,357.2,2721.33
2018-05-28,353,2705.595
2018-05-29,349,2689.86
2018-05-30,345.9,2724.01
2018-05-31,347,2705.27
2018-06-01,350.1,2734.62
2018-06-04,350.1,2746.87
2018-06-06,345.3,2772.35
2018-06-07,344,2770.37
2018-06-08,341,2779.03
2018-06-11,350.9,2782
2018-06-12,353.4,2786.85
2018-06-13,348.1,2775.63
2018-06-14,349.6,2782.49
2018-06-15,342.9,2779.66
2018-06-18,341.3,2773.75
2018-06-19,341.7,2762.59
2018-06-20,342.5,2767.32
2018-06-21,339.2,2749.76
2018-06-22,344,2754.88
2018-06-25,348,2717.07
2018-06-26,343.4,2723.06
2018-06-27,342.3,2699.63
2018-06-28,345.5,2716.31
2018-06-29,350,2718.37
2018-07-02,349,2726.71
2018-07-03,351.2,2713.22
2018-07-04,347.3,2724.915
2018-07-05,344.9,2736.61
2018-07-06,345.4,2759.82
2018-07-09,348.4,2784.17
2018-07-10,347.3,2793.84
2018-07-11,347.9,2774.02
2018-07-12,350.6,2798.29
2018-07-13,347.8,2801.31
2018-07-16,346.9,2798.43
2018-07-17,347.3,2809.55
2018-07-18,346.7,2815.62
2018-07-19,349.2,2804.49
2018-07-20,348.1,2801.83
2018-07-23,350.4,2806.98
2018-07-24,359.3,2820.4
2018-07-25,360.4,2846.07
2018-07-26,359.3,2837.44
2018-07-27,360.1,2818.82
2018-07-30,359.9,2802.6
2018-07-31,360.7,2816.29
2018-08-01,362,2813.36
2018-08-02,357,2827.22
2018-08-03,356.8,2840.35
2018-08-06,350,2850.4
2018-08-07,356.3,2858.45
2018-08-08,356.7,2857.7
2018-08-09,356.8,2853.58
2018-08-10,354.8,2833.28
2018-08-13,353.7,2821.93
2018-08-14,345.7,2839.96
2018-08-15,344.5,2818.37
2018-08-16,345.4,2840.69
2018-08-17,344.8,2850.13
2018-08-20,349,2857.05
2018-08-21,354.9,2862.96
2018-08-22,335.6,2861.82
2018-08-23,334.2,2856.98
2018-08-24,332.6,2874.69
2018-08-27,332.9,2896.74
2018-08-28,332.5,2897.52
2018-08-29,327.7,2914.04
2018-08-30,326.6,2901.13
2018-08-31,325.8,2901.52
2018-09-03,327,2899.12
2018-09-04,327.5,2896.72
2018-09-05,328.5,2888.6
2018-09-06,325.3,2878.05
2018-09-07,324.8,2871.68
2018-09-10,321.9,2877.13
2018-09-11,316.7,2887.89
2018-09-12,315.8,2888.92
2018-09-13,314.2,2904.18
2018-09-14,315,2904.98
2018-09-17,316.8,2888.8
2018-09-18,314.7,2904.31
2018-09-19,316.5,2907.95
2018-09-20,322.2,2930.75
2018-09-21,320.3,2929.67
2018-09-24,318.8,2919.37
2018-09-25,321.4,2915.56
2018-09-26,322.9,2905.97
2018-09-27,318.1,2914
2018-09-28,311.1,2913.98
2018-10-01,310.5,2924.59
2018-10-02,305,2923.43
2018-10-03,302.8,2925.51
2018-10-04,301.9,2901.61
2018-10-05,299.2,2885.57
2018-10-08,298.2,2884.43
2018-10-09,294.3,2880.34
2018-10-10,296.8,2785.68
2018-10-11,289.5,2728.37
2018-10-12,290.6,2767.13
2018-10-15,290.1,2750.79
2018-10-16,296.4,2809.92
2018-10-17,298,2809.21
2018-10-18,292.5,2768.78
2018-10-19,292.7,2767.78
2018-10-22,291.4,2755.88
2018-10-23,286.1,2740.69
2018-10-24,285.9,2656.1
2018-10-25,288.6,2705.57
2018-10-26,287.6,2658.69
2018-10-29,293.7,2641.25
2018-10-30,262,2682.63
2018-10-31,269.3,2711.74
2018-11-01,269.1,2740.37
2018-11-02,280.1,2723.06
2018-11-05,276.5,2738.31
2018-11-06,278.5,2755.45
2018-11-07,287.6,2813.89
2018-11-08,286.2,2806.83
2018-11-09,283,2781.01
2018-11-12,278.8,2726.22
2018-11-13,270.7,2722.18
2018-11-14,271,2701.58
2018-11-15,265.5,2730.2
2018-11-16,264.7,2736.27
2018-11-19,264.2,2690.73
2018-11-20,255.6,2641.89
2018-11-21,259.4,2649.93
2018-11-22,260.8,2641.245
2018-11-23,259.9,2632.56
2018-11-26,267.2,2673.45
2018-11-27,263.5,2682.17
2018-11-28,262.5,2743.79
2018-11-29,261.9,2737.8
2018-11-30,258.6,2760.17
2018-12-03,261.3,2790.37
2018-12-04,256,2700.06
2018-12-05,260.5,2698.005
2018-12-06,251.5,2695.95
2018-12-07,256.8,2633.08
2018-12-10,249.5,2637.72
2018-12-11,252.2,2636.78
2018-12-12,253.9,2651.07
2018-12-13,253,2650.54
2018-12-14,252.1,2599.95
2018-12-17,250.9,2545.94
2018-12-18,248.4,2546.16
2018-12-19,245.7,2506.96
2018-12-20,236,2467.42
2018-12-21,229.6,2416.62
2018-12-27,229.1,2488.83
2018-12-28,235.2,2485.74
2019-01-02,234.5,2510.03
2019-01-03,234.5,2447.89
2019-01-04,244.7,2531.94
2019-01-07,244.7,2549.69
2019-01-08,243.5,2574.41
2019-01-09,241.5,2584.96
2019-01-10,245.7,2596.64
2019-01-11,244.9,2596.26
2019-01-14,245,2582.61
2019-01-15,242.5,2610.3
2019-01-16,246.4,2616.1
2019-01-17,243.8,2635.96
2019-01-18,243.8,2670.71
2019-01-21,249.7,2651.805
2019-01-22,249.6,2632.9
2019-01-23,249.2,2638.7
2019-01-24,250.1,2642.33
2019-01-25,252.7,2664.76
2019-01-28,248.5,2643.85
2019-01-29,247.7,2640
2019-01-30,249,2681.05
2019-01-31,244.5,2704.1
2019-02-01,250.3,2706.53
2019-02-04,249.3,2724.87
2019-02-05,251,2737.7
2019-02-06,252.9,2731.61
2019-02-07,252.4,2706.05
2019-02-08,249.2,2707.88
2019-02-11,250.1,2709.8
2019-02-12,256.8,2744.73
2019-02-13,255.4,2753.03
2019-02-14,255.5,2745.73
2019-02-15,259.9,2775.6
2019-02-18,260.7,2777.68
2019-02-19,254.5,2779.76
2019-02-20,257.9,2784.7
2019-02-21,255.3,2774.88
2019-02-22,254.8,2792.67
2019-02-25,255.6,2796.11
2019-02-26,247.5,2793.9
2019-02-27,251,2792.38
2019-02-28,256.9,2784.49
2019-03-01,255.2,2803.69
2019-03-04,253.9,2792.81
2019-03-05,254.1,2789.65
2019-03-06,254.3,2771.45
2019-03-07,247,2748.93
2019-03-08,246.5,2743.07
2019-03-11,247.6,2783.3
2019-03-12,254,2791.52
2019-03-13,254.2,2810.92
2019-03-14,256.1,2808.48
2019-03-15,256.5,2822.48
2019-03-18,262,2832.94
2019-03-19,262.5,2832.57
2019-03-20,261,2824.23
2019-03-21,257.1,2854.88
2019-03-22,251.3,2800.71
2019-03-25,248.9,2798.36
2019-03-26,246.3,2818.46
2019-03-27,252,2805.37
2019-03-28,250,2815.44
2019-03-29,257.1,2834.4
2019-04-01,265,2867.19
2019-04-02,267.4,2867.24
2019-04-03,272.4,2873.4
2019-04-04,274,2879.39
2019-04-05,272,2892.74
2019-04-08,272.3,2895.77
2019-04-09,269.6,2878.2
2019-04-10,265.8,2888.21
2019-04-11,268.9,2888.32
2019-04-12,273.8,2907.41
2019-04-15,275.1,2905.58
2019-04-16,276,2907.06
2019-04-17,277.3,2900.45
2019-04-23,275.3,2933.68
2019-04-24,272.3,2927.25
2019-04-25,271.7,2926.17
2019-04-26,277,2939.88
2019-04-29,277.5,2943.03
2019-04-30,268.1,2945.83
2019-05-01,269.5,2923.73
2019-05-02,266.1,2917.52
2019-05-03,265.9,2945.64
2019-05-06,264.4,2932.47
2019-05-07,260,2884.05
2019-05-08,261.7,2879.42
2019-05-09,257.2,2870.72
2019-05-10,261.3,2881.4
2019-05-13,255,2811.87
2019-05-14,256.6,2834.41
2019-05-15,253.6,2850.96
2019-05-16,252.9,2876.32
2019-05-20,248.2,2840.23
2019-05-21,252.5,2864.36
2019-05-22,251.4,2856.27
2019-05-23,250.8,2822.24
2019-05-24,253.8,2826.06
2019-05-27,252.9,2814.225
2019-05-28,253.5,2802.39
2019-05-29,253.9,2783.02
2019-06-03,248.9,2744.45
2019-06-04,252.7,2803.27
2019-06-06,250.1,2843.49
2019-06-07,238.6,2873.34
2019-06-11,240.3,2885.72
2019-06-12,241.5,2879.84
2019-06-13,242.4,2891.64
2019-06-14,241.5,2886.98
2019-06-17,243,2889.67
2019-06-18,243.5,2917.75
2019-06-19,245,2926.46
2019-06-20,239.6,2954.18
2019-06-21,239.4,2950.46
2019-06-24,234,2945.35
2019-06-25,224.9,2917.38
2019-06-26,225,2913.78
2019-06-27,226.3,2924.92
2019-06-28,227.5,2941.76
2019-07-01,230.4,2964.33
2019-07-02,229,2973.01
2019-07-03,230.8,2995.82
2019-07-04,230,2993.115
2019-07-05,232.9,2990.41
2019-07-08,230.9,2975.95
2019-07-09,226.7,2979.63
2019-07-10,229.4,2993.07
2019-07-11,226.7,2999.91
2019-07-12,228.7,3013.77
2019-07-15,229.2,3014.3
2019-07-16,230,3004.04
2019-07-17,225.5,2984.42
2019-07-18,226.1,2995.11
2019-07-19,222.4,2976.61
2019-07-22,220,2985.03
2019-07-23,224.2,3005.47
2019-07-24,224.9,3019.56
2019-07-25,225.8,3003.67
2019-07-26,221.7,3025.86
2019-07-29,221.8,3020.97
2019-07-30,215.7,3013.18
2019-07-31,215.3,2980.38
2019-08-01,213.3,2953.56
2019-08-02,208.5,2932.05
2019-08-05,205.9,2844.74
2019-08-06,204.7,2881.77
2019-08-07,203.2,2883.98
2019-08-08,203.9,2938.09
2019-08-09,199.85,2918.65
2019-08-12,196.55,2882.7
2019-08-13,195.7,2926.32
2019-08-14,189.05,2840.6
2019-08-15,188.85,2847.6
2019-08-16,194.6,2888.68
2019-08-19,196.75,2923.65
2019-08-20,188.45,2900.51
2019-08-21,190.2,2924.43
2019-08-22,194.4,2922.95
2019-08-23,194.1,2847.11
2019-08-26,193.6,2878.38
2019-08-27,189.2,2869.16
2019-08-28,185.85,2887.94
2019-08-29,188.05,2924.58
2019-08-30,190.3,2926.46
2019-09-02,187.5,2916.365
2019-09-03,186.85,2906.27
2019-09-04,189.6,2937.78
2019-09-05,196.05,2976
2019-09-06,195.7,2978.71
2019-09-09,205.3,2978.43
2019-09-10,210,2979.39
2019-09-11,208.6,3000.93
2019-09-12,206.8,3009.57
2019-09-13,213.9,3007.39
2019-09-16,210.7,2997.96
2019-09-17,206.9,3005.7
2019-09-18,204.9,3006.73
2019-09-19,207.7,3006.79
2019-09-20,218.6,2992.07
2019-09-23,219.3,2991.78
2019-09-24,218,2966.6
2019-09-25,218.5,2984.87
2019-09-26,220.8,2977.62
2019-09-27,219.3,2961.79
2019-09-30,221.3,2976.74
2019-10-01,220.2,2940.25
2019-10-02,211.6,2887.61
2019-10-03,210.4,2910.63
2019-10-04,209.5,2952.01
2019-10-07,214.5,2938.79
2019-10-08,214.8,2893.06
2019-10-09,215.3,2919.4
2019-10-10,215.6,2938.13
2019-10-11,222.7,2970.27
2019-10-14,224,2966.15
2019-10-15,231.5,2995.68
2019-10-16,235.2,2989.69
2019-10-17,234.2,2997.95
2019-10-18,234.9,2986.2
2019-10-21,238.9,3006.72
2019-10-22,242.3,2995.99
2019-10-23,242.1,3004.52
2019-10-24,240.1,3010.29
2019-10-25,242.2,3022.55
2019-10-28,241,3039.42
2019-10-29,241,3036.89
2019-10-30,227.9,3046.77
2019-10-31,222.7,3037.56
2019-11-01,222,3066.91
2019-11-04,222,3078.27
2019-11-05,228.9,3074.62
2019-11-06,236.3,3076.78
2019-11-07,237,3085.18
2019-11-08,236.1,3093.08
2019-11-11,238.1,3087.01
2019-11-12,235.4,3091.84
2019-11-13,228.4,3094.04
2019-11-14,229,3096.63
2019-11-15,227.6,3120.46
2019-11-18,226.3,3122.03
2019-11-19,226.4,3120.18
2019-11-20,224.6,3108.46
2019-11-21,226.3,3103.54
2019-11-22,228.4,3110.29
2019-11-25,228.7,3133.64
2019-11-26,225.3,3140.52
2019-11-27,227.4,3153.63
2019-11-28,226.3,3147.305
2019-11-29,225,3140.98
2019-12-02,223.3,3113.87
2019-12-03,220.6,3093.2
2019-12-04,222.2,3112.76
2019-12-05,225.9,3117.43
2019-12-06,224.9,3145.91
2019-12-09,227.1,3135.96
2019-12-10,224.9,3132.52
2019-12-11,223.4,3141.63
2019-12-12,224.6,3168.57
2019-12-13,227.9,3168.8
2019-12-16,226.8,3191.45
2019-12-17,237.5,3192.52
2019-12-18,240.7,3191.14
2019-12-19,237.1,3205.37
2019-12-20,237.5,3221.22
2019-12-23,240.9,3224.01
2019-12-27,239.5,3240.02
